,lat,lon,mag,date,year
0,26.0913,-110.3209,6.6,2013-10-19,2013
1,25.891,-110.103,5.7,2013-01-13,2013
2,40.1918333,-121.0595,5.69,2013-05-24,2013
3,25.773000000000003,-110.126,5.4,2013-01-13,2013
4,27.8013,-105.6794,5.4,2013-09-21,2013
5,25.7194,-66.6056,5.2,2013-12-23,2013
6,38.0222,-118.0553,5.1,2013-02-13,2013
7,45.7568333,-76.3533333,5.06,2013-05-17,2013
8,40.9835,-124.74983329999999,4.94,2013-10-11,2013
9,40.1795,-121.07816670000001,4.86,2013-05-24,2013
10,34.4061667,-119.9198333,4.8,2013-05-29,2013
11,27.8448,-105.6603,4.8,2013-09-21,2013
12,42.9745,-109.12799999999999,4.8,2013-09-21,2013
13,31.22,-115.90799999999999,4.8,2013-12-20,2013
14,33.5008333,-116.4581667,4.7,2013-03-11,2013
15,30.055,-114.161,4.7,2013-06-07,2013
16,27.8173,-105.64200000000001,4.7,2013-10-04,2013
17,30.0798,-113.5066,4.7,2013-10-21,2013
18,27.7858,-105.7104,4.6,2013-09-15,2013
19,35.6073,-97.3863,4.5,2013-12-07,2013
20,27.8908,-111.9607,4.5,2013-12-26,2013
21,40.8081667,-124.40183329999999,4.47,2013-08-03,2013
22,38.8123333,-122.78616670000001,4.44,2013-03-14,2013
23,26.011999999999997,-110.303,4.4,2013-01-13,2013
24,35.686,-97.089,4.4,2013-04-16,2013
25,30.017,-114.072,4.4,2013-06-11,2013
26,47.81,-70.04899999999999,4.4,2013-07-11,2013
27,30.1653,-113.7456,4.4,2013-08-05,2013
28,30.1795,-74.1579,4.4,2013-10-08,2013
29,27.7579,-105.6703,4.4,2013-10-11,2013
30,30.019000000000002,-114.16799999999999,4.3,2013-06-07,2013
31,27.6644,-105.9794,4.3,2013-08-29,2013
32,31.9095,-94.4279,4.3,2013-09-02,2013
33,29.2442,-113.4313,4.3,2013-10-02,2013
34,29.717,-113.889,4.3,2013-10-04,2013
35,27.7211,-106.0744,4.3,2013-12-15,2013
36,36.1405,-118.06483329999999,4.3,2013-12-23,2013
37,40.5145,-124.82266670000001,4.3,2013-12-24,2013
38,40.613833299999996,-124.96883329999999,4.29,2013-03-24,2013
39,35.486,-118.2875,4.29,2013-07-24,2013
40,40.2858333,-124.46033329999999,4.28,2013-05-18,2013
41,34.709166700000004,-116.29383329999999,4.28,2013-10-06,2013
42,47.8241667,-120.68916670000002,4.27,2013-06-27,2013
43,40.186,-121.06316670000001,4.21,2013-05-24,2013
44,31.215,-115.917,4.2,2013-02-25,2013
45,35.681,-97.098,4.2,2013-04-16,2013
46,40.1835,-121.06783329999999,4.2,2013-05-24,2013
47,27.64,-111.611,4.2,2013-06-15,2013
48,27.8423,-111.8926,4.2,2013-08-12,2013
49,39.6696,-119.6841,4.2,2013-08-27,2013
50,29.6588,-114.0922,4.2,2013-08-27,2013
51,27.6899,-105.76100000000001,4.2,2013-08-28,2013
52,27.799,-105.6805,4.2,2013-08-28,2013
53,31.9656,-94.5261,4.2,2013-09-02,2013
54,27.6764,-105.6211,4.2,2013-09-06,2013
55,27.7339,-105.6716,4.2,2013-09-11,2013
56,28.1438,-105.6219,4.2,2013-09-11,2013
57,27.6398,-105.63799999999999,4.2,2013-09-13,2013
58,49.7668,-65.9147,4.2,2013-09-21,2013
59,27.7327,-105.7281,4.2,2013-10-11,2013
60,25.1003,-110.74600000000001,4.2,2013-10-19,2013
61,27.7393,-105.522,4.2,2013-10-20,2013
62,27.9379,-111.954,4.2,2013-11-20,2013
63,29.6493,-114.2059,4.2,2013-12-22,2013
64,35.4803333,-118.28533329999999,4.19,2013-08-25,2013
65,40.3123333,-124.6685,4.18,2013-03-03,2013
66,35.8298333,-116.79966670000002,4.14,2013-03-01,2013
67,30.184166700000002,-114.03466670000002,4.14,2013-11-12,2013
68,40.6915,-124.50633329999998,4.11,2013-12-17,2013
69,31.844,-94.3,4.1,2013-01-25,2013
70,48.425,-83.29799999999999,4.1,2013-02-19,2013
71,30.055,-113.821,4.1,2013-05-18,2013
72,29.894000000000002,-114.277,4.1,2013-06-08,2013
73,27.7621,-105.5751,4.1,2013-08-28,2013
74,27.7566,-105.6704,4.1,2013-08-28,2013
75,27.7476,-105.7826,4.1,2013-08-29,2013
76,27.7532,-105.6654,4.1,2013-09-12,2013
77,27.5873,-105.5196,4.1,2013-09-23,2013
78,26.31,-110.3484,4.1,2013-10-19,2013
79,27.7642,-105.6309,4.1,2013-11-01,2013
80,27.7563,-105.6715,4.1,2013-11-01,2013
81,32.400833299999995,-116.265,4.09,2013-12-26,2013
82,32.2405,-115.26983329999999,4.08,2013-04-17,2013
83,33.658333299999995,-118.37216670000001,4.08,2013-05-15,2013
84,32.411333299999995,-115.21483329999998,4.08,2013-09-14,2013
85,35.8113333,-119.8008333,4.08,2013-12-13,2013
86,34.5666667,-120.95666670000001,4.06,2013-08-24,2013
87,25.845,-110.552,4.0,2013-01-13,2013
88,31.247,-119.37899999999999,4.0,2013-01-20,2013
89,38.5598333,-119.6155,4.0,2013-01-24,2013
90,38.0237,-118.0646,4.0,2013-02-28,2013
91,31.225,-115.913,4.0,2013-04-04,2013
92,30.301,-105.229,4.0,2013-05-05,2013
93,30.453000000000003,-113.84200000000001,4.0,2013-06-26,2013
94,30.2578,-113.5327,4.0,2013-08-23,2013
95,27.7345,-105.7374,4.0,2013-08-28,2013
96,27.7175,-105.63799999999999,4.0,2013-08-28,2013
97,27.6668,-105.4211,4.0,2013-09-02,2013
98,28.2502,-105.3176,4.0,2013-09-11,2013
99,27.6768,-105.8024,4.0,2013-09-13,2013
100,27.7291,-105.6491,4.0,2013-09-23,2013
101,27.7764,-105.7528,4.0,2013-11-01,2013
102,27.7429,-105.6689,4.0,2013-11-11,2013
103,27.6953,-105.6674,4.0,2013-11-21,2013
104,25.5255,-99.4896,4.0,2013-11-25,2013
105,27.7533,-105.7988,4.0,2013-12-11,2013
106,25.3964,-99.5688,4.0,2013-12-22,2013
107,40.1743333,-121.0695,3.99,2013-05-24,2013
108,32.132,-117.68933329999999,3.96,2013-02-23,2013
109,38.827,-122.79733329999999,3.95,2013-03-14,2013
110,40.1783333,-121.04816670000001,3.94,2013-05-24,2013
111,33.232,-115.62533329999998,3.92,2013-06-03,2013
112,32.877166700000004,-116.25533329999999,3.92,2013-08-10,2013
113,36.1403333,-118.06616670000001,3.91,2013-08-04,2013
114,38.3238333,-108.9905,3.9,2013-01-24,2013
115,42.565,-110.973,3.9,2013-03-01,2013
116,42.628,-111.82600000000001,3.9,2013-05-06,2013
117,31.2573333,-115.75,3.9,2013-06-21,2013
118,25.4646,-109.6762,3.9,2013-09-03,2013
119,27.750999999999998,-105.5635,3.9,2013-09-11,2013
120,27.7112,-105.6283,3.9,2013-09-12,2013
121,27.7194,-105.7833,3.9,2013-09-22,2013
122,40.4473333,-124.16516670000001,3.9,2013-10-04,2013
123,25.505,-99.462,3.9,2013-11-30,2013
124,36.753666700000004,-121.47016670000001,3.87,2013-06-28,2013
125,40.297,-124.38383329999999,3.86,2013-05-01,2013
126,40.455,-123.40716670000002,3.84,2013-09-24,2013
127,38.0353,-118.0565,3.8,2013-02-13,2013
128,39.0807,-115.5021,3.8,2013-08-29,2013
129,27.7963,-105.6424,3.8,2013-09-12,2013
130,37.5323,-115.4705,3.8,2013-09-16,2013
131,33.3406667,-116.3905,3.8,2013-09-20,2013
132,27.78,-105.73200000000001,3.8,2013-09-21,2013
133,27.7419,-105.8356,3.8,2013-10-07,2013
134,27.6728,-105.5561,3.8,2013-10-11,2013
135,38.9244,-115.3313,3.8,2013-10-12,2013
136,43.4893,-111.0585,3.8,2013-10-19,2013
137,35.6038,-97.3715,3.8,2013-11-05,2013
138,37.1297,-97.7758,3.8,2013-12-16,2013
139,37.7246,-115.1412,3.8,2013-12-21,2013
140,40.4231667,-124.4905,3.78,2013-05-18,2013
141,41.3455,-123.37616670000001,3.78,2013-06-10,2013
142,32.2015,-115.19666670000001,3.77,2013-10-28,2013
143,32.8796667,-116.256,3.76,2013-08-10,2013
144,38.762,-122.7125,3.76,2013-08-28,2013
145,40.1783333,-121.04833329999998,3.75,2013-05-24,2013
146,36.0215,-117.77600000000001,3.75,2013-08-12,2013
147,34.0816667,-117.78399999999999,3.75,2013-09-19,2013
148,37.531,-118.82516670000001,3.75,2013-10-21,2013
149,40.2115,-121.11166670000001,3.73,2013-06-07,2013
150,40.2013333,-121.10716670000001,3.72,2013-05-24,2013
151,37.773,-113.12966670000002,3.71,2013-02-08,2013
152,32.8736667,-115.99466670000001,3.71,2013-09-30,2013
153,38.0328,-118.04899999999999,3.7,2013-02-13,2013
154,38.0332,-118.0441,3.7,2013-02-13,2013
155,35.625666700000004,-90.56,3.7,2013-02-23,2013
156,35.673,-97.11399999999999,3.7,2013-04-16,2013
157,35.615,-97.262,3.7,2013-06-09,2013
158,38.8081667,-122.79466670000001,3.7,2013-07-14,2013
159,46.322166700000004,-122.38466670000001,3.7,2013-08-23,2013
160,27.7712,-105.6851,3.7,2013-10-07,2013
161,32.9735,-98.0894,3.7,2013-11-28,2013
162,32.9576,-98.0594,3.7,2013-12-09,2013
163,35.6818,-97.3931,3.7,2013-12-25,2013
164,35.8914,-97.2966,3.7,2013-12-29,2013
165,33.4945,-116.443,3.68,2013-03-27,2013
166,34.0816667,-117.785,3.68,2013-09-19,2013
167,38.559,-119.62033329999998,3.67,2013-01-24,2013
168,45.9195,-122.40866670000001,3.66,2013-01-31,2013
169,32.3856667,-115.16316670000002,3.65,2013-10-20,2013
170,30.3958333,-113.89333329999998,3.65,2013-11-12,2013
171,40.305833299999996,-124.56083329999998,3.65,2013-11-17,2013
172,36.9395,-121.53566670000001,3.65,2013-12-02,2013
173,38.6761667,-122.3896667,3.65,2013-12-06,2013
174,34.7105,-116.2948333,3.64,2013-10-06,2013
175,33.2318333,-116.05633329999999,3.63,2013-02-21,2013
176,34.4788333,-119.311,3.63,2013-05-07,2013
177,45.7576667,-76.3545,3.63,2013-05-17,2013
178,40.16,-121.02799999999999,3.63,2013-08-19,2013
179,41.603333299999996,-111.68383329999999,3.63,2013-10-17,2013
180,30.936333299999998,-115.40483329999999,3.63,2013-12-30,2013
181,33.700166700000004,-116.7325,3.63,2013-12-30,2013
182,35.7246667,-121.11233329999999,3.62,2013-03-29,2013
183,29.9746667,-116.45716670000002,3.61,2013-08-11,2013
184,33.2015,-115.676,3.61,2013-10-14,2013
185,38.1295,-118.2589,3.6,2013-02-28,2013
186,37.4046,-114.3144,3.6,2013-04-13,2013
187,35.674,-97.10600000000001,3.6,2013-04-16,2013
188,35.663000000000004,-97.12,3.6,2013-04-16,2013
189,42.753,-111.103,3.6,2013-05-16,2013
190,40.180833299999996,-121.0575,3.6,2013-05-24,2013
191,35.568000000000005,-97.309,3.6,2013-06-16,2013
192,47.3658333,-122.7171667,3.6,2013-08-20,2013
193,35.479,-118.2885,3.6,2013-08-25,2013
194,36.9651,-104.8757,3.6,2013-09-08,2013
195,27.6764,-105.7265,3.6,2013-09-22,2013
196,45.6106,-77.4528,3.6,2013-10-20,2013
197,37.0586,-116.089,3.6,2013-10-25,2013
198,30.483333299999998,-113.79933329999999,3.6,2013-11-12,2013
199,32.9116,-97.5509,3.6,2013-11-20,2013
200,36.1792,-96.9537,3.6,2013-11-22,2013
201,25.4976,-99.2342,3.6,2013-11-26,2013
202,32.9144,-97.5817,3.6,2013-12-08,2013
203,43.2419,-110.59700000000001,3.6,2013-12-08,2013
204,43.2228,-110.5414,3.6,2013-12-08,2013
205,36.958,-97.67,3.6,2013-12-29,2013
206,32.335333299999995,-115.3175,3.59,2013-01-05,2013
207,35.486999999999995,-118.2885,3.59,2013-01-16,2013
208,31.588166700000002,-116.12833329999998,3.59,2013-05-21,2013
209,33.432333299999996,-117.08866670000002,3.59,2013-08-22,2013
210,33.209166700000004,-115.55533329999999,3.58,2013-06-04,2013
211,32.228,-115.321,3.58,2013-06-07,2013
212,44.5611667,-110.82466670000001,3.58,2013-09-15,2013
213,32.8986667,-116.2815,3.58,2013-09-29,2013
214,40.3305,-124.59133329999999,3.57,2013-05-11,2013
215,34.020166700000004,-117.2205,3.56,2013-02-26,2013
216,40.1856667,-121.07916670000002,3.56,2013-05-24,2013
217,31.138833299999998,-115.42633329999998,3.55,2013-12-28,2013
218,33.203166700000004,-115.54983329999999,3.54,2013-05-17,2013
219,40.1836667,-121.09516670000001,3.54,2013-05-30,2013
220,32.2795,-115.30566670000002,3.53,2013-11-07,2013
221,36.5633333,-121.07466670000001,3.52,2013-01-15,2013
222,35.38,-96.515,3.5,2013-01-04,2013
223,46.06100000000001,-75.442,3.5,2013-01-16,2013
224,38.0347,-118.0902,3.5,2013-02-13,2013
225,38.0221,-118.0609,3.5,2013-02-13,2013
226,38.0316,-118.0522,3.5,2013-02-13,2013
227,41.2169,-117.4837,3.5,2013-02-21,2013
228,38.0297,-118.0623,3.5,2013-02-24,2013
229,35.46,-97.335,3.5,2013-02-27,2013
230,34.191,-96.681,3.5,2013-03-04,2013
231,35.671,-97.119,3.5,2013-04-16,2013
232,32.295,-115.20533329999999,3.5,2013-04-20,2013
233,34.135,-96.80799999999999,3.5,2013-04-28,2013
234,42.641999999999996,-111.99799999999999,3.5,2013-05-06,2013
235,37.3735,-121.7235,3.5,2013-05-10,2013
236,36.635999999999996,-97.68299999999999,3.5,2013-07-01,2013
237,36.457,-112.555,3.5,2013-07-07,2013
238,38.808833299999996,-122.8185,3.5,2013-07-18,2013
239,35.373000000000005,-96.48100000000001,3.5,2013-07-24,2013
240,36.594,-97.831,3.5,2013-10-02,2013
241,35.598,-97.367,3.5,2013-11-02,2013
242,35.722,-97.4302,3.5,2013-11-10,2013
243,39.445,-82.205,3.5,2013-11-20,2013
244,43.8175,-103.3183,3.5,2013-12-12,2013
245,33.8023333,-116.09316670000001,3.49,2013-04-07,2013
246,31.299,-115.70100000000001,3.49,2013-12-20,2013
247,44.7523333,-110.78933329999998,3.48,2013-09-13,2013
248,34.0335,-117.24733329999998,3.47,2013-03-04,2013
249,38.7895,-122.74833329999998,3.47,2013-04-16,2013
250,40.179333299999996,-121.051,3.47,2013-05-25,2013
251,46.3243333,-122.38383329999999,3.47,2013-08-24,2013
252,47.7411667,-122.8915,3.47,2013-12-06,2013
253,47.3408333,-122.7665,3.46,2013-04-07,2013
254,39.8178333,-123.62533329999998,3.45,2013-01-26,2013
255,36.2681667,-120.84166670000002,3.44,2013-01-26,2013
256,37.7883333,-113.12416670000002,3.44,2013-02-07,2013
257,40.1791667,-121.06216670000002,3.44,2013-05-24,2013
258,48.428000000000004,-122.55466670000001,3.43,2013-01-25,2013
259,40.1625,-121.0555,3.43,2013-05-24,2013
260,40.1453333,-121.03016670000001,3.43,2013-08-19,2013
261,44.562,-110.81983329999998,3.43,2013-09-15,2013
262,33.4608333,-116.6035,3.43,2013-09-22,2013
263,38.7876667,-122.76100000000001,3.43,2013-11-14,2013
264,33.512666700000004,-116.475,3.42,2013-03-13,2013
265,40.1883333,-121.03933329999998,3.42,2013-05-24,2013
266,33.4953333,-116.4445,3.41,2013-03-27,2013
267,33.6245,-116.69566670000002,3.41,2013-06-28,2013
268,41.7185,-109.90866670000001,3.41,2013-10-15,2013
269,40.3696667,-123.71533329999998,3.41,2013-11-21,2013
270,38.7901667,-122.77799999999999,3.41,2013-12-05,2013
271,36.5636667,-121.07066670000002,3.4,2013-01-03,2013
272,38.0307,-118.0498,3.4,2013-02-13,2013
273,35.545,-96.719,3.4,2013-03-06,2013
274,38.825,-122.7978333,3.4,2013-03-14,2013
275,37.3362,-114.9687,3.4,2013-03-26,2013
276,38.645,-80.8331667,3.4,2013-03-31,2013
277,37.3854,-114.9607,3.4,2013-04-08,2013
278,35.659,-97.125,3.4,2013-04-17,2013
279,35.656,-97.126,3.4,2013-04-27,2013
280,35.2991667,-92.715,3.4,2013-05-22,2013
281,35.2981667,-92.7145,3.4,2013-05-24,2013
282,35.474000000000004,-97.11200000000001,3.4,2013-06-27,2013
283,33.933,-106.59100000000001,3.4,2013-07-22,2013
284,33.946,-97.161,3.4,2013-09-23,2013
285,35.6591667,-118.4725,3.4,2013-10-10,2013
286,31.280166700000002,-115.76516670000001,3.4,2013-11-02,2013
287,35.611,-97.361,3.4,2013-11-02,2013
288,36.5875,-97.8382,3.4,2013-11-12,2013
289,32.9195,-97.6182,3.4,2013-11-25,2013
290,47.223,-70.4,3.4,2013-12-11,2013
291,35.4,-96.648,3.4,2013-12-17,2013
292,36.1403333,-118.06883329999998,3.4,2013-12-23,2013
293,37.4751667,-118.3645,3.39,2013-04-14,2013
294,36.5998333,-121.21133329999999,3.38,2013-10-19,2013
295,31.228,-116.12583329999998,3.37,2013-01-03,2013
296,37.5921667,-118.79716670000002,3.37,2013-03-30,2013
297,47.9985,-122.95533329999999,3.37,2013-04-10,2013
298,32.1026667,-115.09233329999999,3.37,2013-05-03,2013
299,40.1921667,-121.0495,3.37,2013-05-25,2013
300,39.6746667,-123.5448333,3.36,2013-02-15,2013
301,33.014166700000004,-116.311,3.36,2013-02-17,2013
302,32.6015,-115.71833329999998,3.36,2013-03-22,2013
303,40.174833299999996,-121.04700000000001,3.36,2013-05-24,2013
304,44.8143333,-111.02016670000002,3.36,2013-11-23,2013
305,32.2458333,-115.31883329999998,3.36,2013-12-22,2013
306,36.639166700000004,-121.2555,3.35,2013-07-03,2013
307,40.207666700000004,-121.02383329999999,3.35,2013-07-07,2013
308,36.0761667,-120.63916670000002,3.35,2013-08-06,2013
309,37.527333299999995,-118.85366670000002,3.35,2013-10-11,2013
310,40.1963333,-121.06216670000002,3.34,2013-05-24,2013
311,32.255166700000004,-115.30433329999998,3.34,2013-08-27,2013
312,37.3643333,-118.57616670000002,3.34,2013-09-06,2013
313,35.4823333,-118.287,3.32,2013-08-16,2013
314,37.786333299999995,-121.96583329999999,3.32,2013-11-13,2013
315,39.7808333,-123.56666670000001,3.31,2013-01-11,2013
316,37.6916667,-123.00266670000002,3.31,2013-03-09,2013
317,44.3228333,-110.61983329999998,3.31,2013-09-10,2013
318,36.1443333,-118.06866670000001,3.31,2013-12-23,2013
319,39.743,-97.95,3.3,2013-01-09,2013
320,38.0033,-115.4532,3.3,2013-02-05,2013
321,38.025999999999996,-118.03299999999999,3.3,2013-02-13,2013
322,33.42,-109.23700000000001,3.3,2013-02-16,2013
323,35.492,-97.381,3.3,2013-03-21,2013
324,35.684,-97.09299999999999,3.3,2013-04-16,2013
325,35.668,-97.115,3.3,2013-04-16,2013
326,35.679,-97.10700000000001,3.3,2013-04-16,2013
327,35.533,-96.764,3.3,2013-04-16,2013
328,35.69,-97.089,3.3,2013-04-24,2013
329,44.5675,-112.726,3.3,2013-05-21,2013
330,41.9874,-117.0513,3.3,2013-05-23,2013
331,35.1615,-116.84,3.3,2013-05-26,2013
332,40.157,-121.06633329999998,3.3,2013-05-26,2013
333,38.794000000000004,-122.7465,3.3,2013-06-01,2013
334,44.8196,-111.45,3.3,2013-06-06,2013
335,35.466,-97.009,3.3,2013-06-10,2013
336,35.463,-97.116,3.3,2013-06-17,2013
337,44.18,-114.53,3.3,2013-07-18,2013
338,36.66,-97.387,3.3,2013-07-27,2013
339,35.3482,-96.5676,3.3,2013-08-08,2013
340,35.569,-97.289,3.3,2013-08-10,2013
341,36.260999999999996,-89.3013333,3.3,2013-08-12,2013
342,38.653,-119.4304,3.3,2013-09-24,2013
343,36.58,-97.8159,3.3,2013-10-05,2013
344,35.599000000000004,-97.3863,3.3,2013-11-04,2013
345,35.5911,-97.3809,3.3,2013-11-08,2013
346,35.5919,-97.3874,3.3,2013-11-08,2013
347,35.7156,-97.4383,3.3,2013-11-11,2013
348,42.9343,-111.1223,3.3,2013-11-17,2013
349,42.6727,-111.1116,3.3,2013-11-29,2013
350,35.6045,-97.3971,3.3,2013-12-08,2013
351,32.9619,-97.5552,3.3,2013-12-22,2013
352,32.9284,-97.5789,3.3,2013-12-23,2013
353,36.1404,-97.3219,3.3,2013-12-28,2013
354,33.3883333,-116.3325,3.3,2013-12-30,2013
355,38.7545,-122.73116670000002,3.29,2013-03-08,2013
356,33.2491667,-116.00466670000002,3.29,2013-06-29,2013
357,32.8973333,-116.2755,3.29,2013-09-29,2013
358,34.7858333,-119.48066670000001,3.28,2013-01-21,2013
359,37.432333299999996,-121.77166670000001,3.28,2013-07-15,2013
360,31.535333299999998,-115.52633329999999,3.28,2013-12-21,2013
361,31.344833299999998,-116.21783329999998,3.27,2013-01-08,2013
362,44.8056667,-110.9995,3.27,2013-03-31,2013
363,32.194166700000004,-115.1845,3.27,2013-04-30,2013
364,40.1758333,-121.07233329999998,3.27,2013-05-25,2013
365,36.0633333,-120.20416670000002,3.27,2013-05-26,2013
366,47.8066667,-120.74416670000001,3.27,2013-10-29,2013
367,36.228,-118.32966670000002,3.27,2013-12-25,2013
368,31.994333299999997,-116.273,3.26,2013-03-27,2013
369,40.9261667,-124.439,3.26,2013-07-06,2013
370,32.8795,-116.25433329999998,3.26,2013-08-10,2013
371,31.668666700000003,-116.06333329999998,3.26,2013-08-23,2013
372,38.7888333,-122.762,3.25,2013-06-01,2013
373,38.8101667,-122.81133329999999,3.25,2013-07-25,2013
374,38.744833299999996,-122.72233329999999,3.25,2013-10-28,2013
375,33.5828333,-118.37883329999998,3.24,2013-05-18,2013
376,40.1713333,-121.06833329999999,3.24,2013-05-24,2013
377,44.585666700000004,-110.8301667,3.24,2013-09-15,2013
378,47.7588333,-123.193,3.23,2013-03-22,2013
379,40.1471667,-121.08233329999999,3.23,2013-05-26,2013
380,31.9316667,-115.006,3.23,2013-07-18,2013
381,38.7528333,-122.71183329999998,3.23,2013-08-02,2013
382,32.1433333,-117.602,3.23,2013-10-02,2013
383,34.7115,-116.287,3.22,2013-04-07,2013
384,38.811833299999996,-122.81483329999999,3.22,2013-07-04,2013
385,31.8353333,-114.90633329999999,3.22,2013-07-12,2013
386,33.2921667,-116.42233329999999,3.22,2013-09-04,2013
387,32.879,-116.25283329999999,3.22,2013-09-18,2013
388,46.4115,-119.27083329999999,3.22,2013-11-17,2013
389,31.2298333,-115.90483329999999,3.21,2013-03-09,2013
390,33.1851667,-115.9733333,3.21,2013-08-16,2013
391,35.619,-97.337,3.2,2013-01-16,2013
392,35.592,-97.35600000000001,3.2,2013-01-16,2013
393,32.204,-115.2745,3.2,2013-01-20,2013
394,46.365,-115.465,3.2,2013-02-10,2013
395,38.032,-118.0504,3.2,2013-02-14,2013
396,35.417,-96.54799999999999,3.2,2013-03-11,2013
397,46.43,-66.122,3.2,2013-03-21,2013
398,35.467,-97.396,3.2,2013-03-21,2013
399,35.659,-97.12299999999999,3.2,2013-04-17,2013
400,35.685,-97.08200000000001,3.2,2013-04-17,2013
401,35.686,-97.083,3.2,2013-04-17,2013
402,31.1846667,-115.95283329999998,3.2,2013-05-16,2013
403,35.666,-97.105,3.2,2013-05-20,2013
404,44.57,-112.7223,3.2,2013-05-21,2013
405,44.5783,-112.7233,3.2,2013-05-23,2013
406,32.259,-115.3068333,3.2,2013-05-23,2013
407,40.1608,-121.001,3.2,2013-05-24,2013
408,34.075,-96.59,3.2,2013-05-27,2013
409,35.566,-97.292,3.2,2013-06-16,2013
410,35.477,-97.115,3.2,2013-06-18,2013
411,34.47,-96.28299999999999,3.2,2013-06-24,2013
412,41.793,-81.292,3.2,2013-07-01,2013
413,36.673,-97.66799999999999,3.2,2013-07-01,2013
414,32.1238333,-115.25783329999999,3.2,2013-07-12,2013
415,35.6248333,-90.5638333,3.2,2013-07-17,2013
416,36.863,-97.994,3.2,2013-08-08,2013
417,45.2645,-112.7451,3.2,2013-08-21,2013
418,46.9913,-66.6064,3.2,2013-08-28,2013
419,33.9544,-97.1107,3.2,2013-09-23,2013
420,35.5896,-97.3751,3.2,2013-09-26,2013
421,36.592,-97.837,3.2,2013-10-01,2013
422,36.726,-98.006,3.2,2013-10-08,2013
423,42.9573,-111.0194,3.2,2013-10-19,2013
424,37.4713333,-118.84333329999998,3.2,2013-10-23,2013
425,36.2488333,-120.81566670000001,3.2,2013-11-01,2013
426,35.598,-97.37799999999999,3.2,2013-11-02,2013
427,41.7999,-87.8247,3.2,2013-11-04,2013
428,35.5873,-97.4172,3.2,2013-11-05,2013
429,35.721,-97.4311,3.2,2013-11-11,2013
430,30.569000000000003,-114.213,3.2,2013-11-12,2013
431,35.388000000000005,-96.656,3.2,2013-11-12,2013
432,36.183,-96.958,3.2,2013-11-18,2013
433,35.611,-97.37899999999999,3.2,2013-12-02,2013
434,35.6077,-97.399,3.2,2013-12-07,2013
435,36.469,-97.04700000000001,3.2,2013-12-22,2013
436,48.6043333,-119.81083329999998,3.2,2013-12-30,2013
437,37.4228333,-118.32966670000002,3.19,2013-01-08,2013
438,31.6948333,-114.5525,3.19,2013-01-30,2013
439,32.338,-115.33216670000002,3.19,2013-04-23,2013
440,32.247833299999996,-115.30333329999999,3.19,2013-06-26,2013
441,36.569,-121.1625,3.19,2013-07-19,2013
442,33.942,-116.736,3.19,2013-07-22,2013
443,32.2546667,-115.25416670000001,3.19,2013-09-20,2013
444,40.6805,-123.47200000000001,3.19,2013-10-31,2013
445,34.707666700000004,-116.29233329999998,3.19,2013-11-02,2013
446,33.000666700000004,-116.45700000000001,3.19,2013-11-30,2013
447,36.1381667,-118.06433329999999,3.19,2013-12-05,2013
448,34.857833299999996,-119.23866670000001,3.18,2013-05-16,2013
449,35.4823333,-118.28783329999999,3.18,2013-07-28,2013
450,31.239833299999997,-114.41233329999999,3.18,2013-08-17,2013
451,31.2158333,-115.77916670000002,3.18,2013-11-02,2013
452,36.1736667,-117.85383329999999,3.17,2013-05-01,2013
453,36.213,-117.911,3.17,2013-06-01,2013
454,32.2176667,-115.29333329999999,3.17,2013-06-10,2013
455,40.3576667,-124.0921667,3.17,2013-08-19,2013
456,40.262,-124.29116670000002,3.17,2013-09-09,2013
457,44.733999999999995,-110.7765,3.17,2013-09-24,2013
458,36.1516667,-118.06833329999999,3.17,2013-10-15,2013
459,32.2598333,-115.3335,3.16,2013-01-16,2013
460,33.979833299999996,-118.7706667,3.16,2013-05-03,2013
461,35.7645,-117.60366670000002,3.16,2013-09-10,2013
462,33.0023333,-116.4575,3.16,2013-11-30,2013
463,37.147833299999995,-121.54133329999999,3.15,2013-02-22,2013
464,38.555,-119.6205,3.15,2013-04-17,2013
465,37.8826667,-122.2305,3.15,2013-10-15,2013
466,37.4703333,-118.84383329999999,3.15,2013-10-23,2013
467,38.6456667,-119.553,3.14,2013-03-15,2013
468,33.9581667,-118.4185,3.14,2013-04-27,2013
469,37.5128333,-118.834,3.14,2013-10-21,2013
470,32.7045,-118.271,3.14,2013-11-19,2013
471,32.6885,-115.82533329999998,3.13,2013-03-01,2013
472,40.8721667,-124.72233329999999,3.13,2013-07-13,2013
473,39.9891667,-120.8745,3.13,2013-07-30,2013
474,46.327,-122.39066670000001,3.13,2013-08-03,2013
475,40.1701667,-121.0345,3.13,2013-08-19,2013
476,31.740666700000002,-114.99216670000001,3.13,2013-09-05,2013
477,41.717833299999995,-109.85066670000002,3.13,2013-09-28,2013
478,44.813,-111.01683329999999,3.13,2013-11-24,2013
479,32.9208333,-117.49766670000001,3.12,2013-01-23,2013
480,37.4601667,-121.77266670000002,3.12,2013-04-20,2013
481,39.5311667,-123.04,3.12,2013-04-28,2013
482,38.734333299999996,-119.67433329999999,3.12,2013-05-01,2013
483,33.9795,-116.76700000000001,3.12,2013-05-15,2013
484,40.1933333,-121.1115,3.12,2013-05-24,2013
485,41.8465,-112.3225,3.12,2013-05-29,2013
486,32.1283333,-115.131,3.12,2013-09-24,2013
487,38.8345,-122.801,3.12,2013-10-02,2013
488,32.2191667,-115.28266670000001,3.11,2013-02-13,2013
489,35.4913333,-118.39383329999998,3.11,2013-04-15,2013
490,32.3048333,-115.22566670000002,3.11,2013-04-20,2013
491,40.1973333,-121.0681667,3.11,2013-05-24,2013
492,34.420333299999996,-119.93416670000002,3.11,2013-05-30,2013
493,39.228666700000005,-122.70183329999999,3.11,2013-09-12,2013
494,36.1425,-118.06716670000002,3.11,2013-12-23,2013
495,34.32,-106.792,3.1,2013-01-27,2013
496,38.0382,-118.04700000000001,3.1,2013-02-13,2013
497,38.0256,-118.0378,3.1,2013-02-13,2013
498,42.611999999999995,-122.41016670000002,3.1,2013-03-24,2013
499,39.0554,-118.1692,3.1,2013-03-30,2013
500,42.725,-108.689,3.1,2013-04-22,2013
501,35.679,-97.104,3.1,2013-04-23,2013
502,43.9171,-105.70700000000001,3.1,2013-05-10,2013
503,31.149,-104.777,3.1,2013-05-14,2013
504,45.766999999999996,-76.346,3.1,2013-05-17,2013
505,35.565,-97.30799999999999,3.1,2013-06-16,2013
506,43.023,-110.85,3.1,2013-06-20,2013
507,45.748000000000005,-76.352,3.1,2013-06-30,2013
508,44.8032,-116.3151,3.1,2013-08-02,2013
509,35.4085,-96.5427,3.1,2013-09-15,2013
510,45.488,-112.361,3.1,2013-09-21,2013
511,36.593,-97.836,3.1,2013-10-01,2013
512,39.397833299999995,-123.27033329999999,3.1,2013-10-19,2013
513,36.648,-97.829,3.1,2013-10-20,2013
514,37.2651,-117.5799,3.1,2013-10-29,2013
515,45.498000000000005,-112.529,3.1,2013-11-03,2013
516,37.8933,-116.0711,3.1,2013-11-12,2013
517,31.1085,-105.3802,3.1,2013-11-12,2013
518,44.843,-111.485,3.1,2013-11-20,2013
519,32.9093,-97.5205,3.1,2013-11-29,2013
520,35.611,-97.37799999999999,3.1,2013-12-02,2013
521,36.8747,-97.9889,3.1,2013-12-06,2013
522,47.858000000000004,-114.25399999999999,3.1,2013-12-18,2013
523,44.823,-111.445,3.1,2013-12-23,2013
524,31.176,-115.635,3.1,2013-12-26,2013
525,35.6835,-97.3826,3.1,2013-12-27,2013
526,43.7225,-111.1332,3.1,2013-12-30,2013
527,32.1615,-115.2111667,3.09,2013-02-05,2013
528,33.6863333,-119.1305,3.09,2013-05-31,2013
529,34.0093333,-117.17183329999999,3.09,2013-06-19,2013
530,35.4816667,-118.28733329999999,3.09,2013-08-20,2013
531,44.3233333,-110.6193333,3.09,2013-09-10,2013
532,37.3795,-118.40183329999999,3.09,2013-10-14,2013
533,31.265833299999997,-115.5745,3.09,2013-10-18,2013
534,32.1976667,-115.2495,3.09,2013-10-23,2013
535,34.018,-117.23366670000001,3.09,2013-11-11,2013
536,37.641999999999996,-118.9275,3.08,2013-03-24,2013
537,33.646333299999995,-116.74016670000002,3.08,2013-04-25,2013
538,31.3175,-116.01299999999999,3.08,2013-04-30,2013
539,44.7606667,-110.9168333,3.08,2013-07-01,2013
540,32.091,-115.0225,3.08,2013-07-27,2013
541,37.6388333,-118.939,3.08,2013-08-29,2013
542,33.5015,-116.47733329999998,3.08,2013-12-31,2013
543,36.563166700000004,-121.0741667,3.07,2013-01-15,2013
544,37.804,-113.10583329999999,3.07,2013-02-07,2013
545,39.5698333,-123.06966670000001,3.07,2013-03-17,2013
546,32.177,-115.197,3.07,2013-05-06,2013
547,33.2125,-115.5525,3.07,2013-05-17,2013
548,32.173,-115.18516670000001,3.07,2013-06-15,2013
549,37.526166700000005,-118.85216670000001,3.07,2013-10-11,2013
550,35.6665,-121.073,3.06,2013-02-01,2013
551,32.146,-115.24166670000001,3.06,2013-08-16,2013
552,31.7321667,-115.04333329999999,3.06,2013-09-03,2013
553,39.8931667,-120.84083329999999,3.06,2013-10-30,2013
554,31.551666700000002,-115.49866670000002,3.06,2013-12-31,2013
555,34.0076667,-117.12983329999999,3.05,2013-01-17,2013
556,44.661,-110.46066670000002,3.05,2013-04-09,2013
557,40.2066667,-121.09583329999998,3.05,2013-05-24,2013
558,33.2335,-115.62516670000001,3.05,2013-06-03,2013
559,33.2066667,-115.55283329999999,3.05,2013-06-04,2013
560,32.972333299999995,-115.8805,3.05,2013-07-26,2013
561,32.163166700000005,-115.214,3.05,2013-12-28,2013
562,31.1273333,-115.71533329999998,3.04,2013-05-27,2013
563,38.8126667,-122.81916670000001,3.03,2013-02-09,2013
564,33.155333299999995,-115.64200000000001,3.03,2013-04-29,2013
565,41.675,-109.876,3.03,2013-05-03,2013
566,32.2486667,-115.243,3.03,2013-05-16,2013
567,33.739000000000004,-115.94533329999999,3.03,2013-06-24,2013
568,32.324,-115.29983329999999,3.03,2013-10-09,2013
569,32.1611667,-115.1585,3.03,2013-11-20,2013
570,36.838333299999995,-111.85633329999999,3.02,2013-01-07,2013
571,32.165833299999996,-116.02333329999999,3.02,2013-01-30,2013
572,37.3778333,-119.038,3.02,2013-05-17,2013
573,31.864166700000002,-114.939,3.02,2013-05-20,2013
574,32.2816667,-115.3235,3.02,2013-05-23,2013
575,40.2146667,-121.111,3.02,2013-06-07,2013
576,40.1813333,-121.05,3.02,2013-07-22,2013
577,46.3263333,-122.38216670000001,3.02,2013-08-24,2013
578,47.7635,-122.508,3.02,2013-09-05,2013
579,47.8093333,-120.735,3.02,2013-09-24,2013
580,37.5033333,-118.83733329999998,3.02,2013-12-01,2013
581,36.138000000000005,-118.05666670000001,3.02,2013-12-23,2013
582,34.7861667,-118.6265,3.01,2013-02-14,2013
583,40.503,-124.52333329999999,3.01,2013-04-09,2013
584,40.1921667,-121.0508333,3.01,2013-05-27,2013
585,34.0113333,-116.62733329999999,3.01,2013-08-24,2013
586,32.2155,-115.24183329999998,3.01,2013-10-28,2013
587,47.02,-66.497,3.0,2013-01-02,2013
588,37.2731,-114.3627,3.0,2013-01-09,2013
589,46.063,-75.433,3.0,2013-01-16,2013
590,38.154,-118.0272,3.0,2013-01-19,2013
591,32.894,-97.00399999999999,3.0,2013-01-23,2013
592,44.457,-124.669,3.0,2013-01-25,2013
593,44.476000000000006,-124.867,3.0,2013-01-25,2013
594,34.7811667,-118.6295,3.0,2013-02-12,2013
595,34.161,-107.021,3.0,2013-02-28,2013
596,33.508,-116.4475,3.0,2013-03-11,2013
597,35.521,-96.78299999999999,3.0,2013-03-16,2013
598,35.558,-105.91,3.0,2013-03-31,2013
599,31.491999999999997,-115.501,3.0,2013-04-13,2013
600,35.672,-97.10799999999999,3.0,2013-04-16,2013
601,36.973,-104.875,3.0,2013-04-20,2013
602,35.611999999999995,-97.258,3.0,2013-04-22,2013
603,35.669000000000004,-97.11200000000001,3.0,2013-04-24,2013
604,35.667,-97.126,3.0,2013-04-25,2013
605,32.971,-100.846,3.0,2013-05-06,2013
606,31.820999999999998,-115.01266670000001,3.0,2013-05-17,2013
607,44.5668,-112.7213,3.0,2013-05-22,2013
608,40.197166700000004,-121.09066670000001,3.0,2013-05-24,2013
609,46.708,-113.676,3.0,2013-06-06,2013
610,35.01,-96.30799999999999,3.0,2013-06-07,2013
611,35.408,-96.471,3.0,2013-06-16,2013
612,32.1385,-115.20733329999999,3.0,2013-06-24,2013
613,35.96,-96.90700000000001,3.0,2013-06-26,2013
614,34.097,-96.54799999999999,3.0,2013-06-30,2013
615,38.406,-118.7454,3.0,2013-07-26,2013
616,37.5307,-115.4983,3.0,2013-07-28,2013
617,35.573,-97.302,3.0,2013-07-31,2013
618,35.5179,-97.1282,3.0,2013-08-01,2013
619,38.0273,-118.0882,3.0,2013-08-14,2013
620,44.7773,-111.8256,3.0,2013-08-28,2013
621,40.390666700000004,-124.6515,3.0,2013-08-30,2013
622,42.9944,-109.1146,3.0,2013-09-21,2013
623,32.1468333,-117.6073333,3.0,2013-10-02,2013
624,33.799833299999996,-117.68416670000002,3.0,2013-10-04,2013
625,34.086,-96.579,3.0,2013-10-12,2013
626,33.204,-115.677,3.0,2013-10-14,2013
627,39.0668,-115.5395,3.0,2013-10-16,2013
628,36.5133,-97.8752,3.0,2013-10-26,2013
629,35.5948,-97.3899,3.0,2013-11-02,2013
630,32.9197,-97.6665,3.0,2013-11-09,2013
631,35.5898,-97.3808,3.0,2013-11-15,2013
632,35.602,-97.37799999999999,3.0,2013-11-26,2013
633,36.5849,-97.8446,3.0,2013-11-27,2013
634,35.8934,-97.2957,3.0,2013-11-30,2013
635,39.348,-119.9992,3.0,2013-12-06,2013
636,35.6089,-97.3975,3.0,2013-12-07,2013
637,44.8503,-116.0111,3.0,2013-12-12,2013
638,35.6012,-97.3837,3.0,2013-12-25,2013
639,38.1922,-115.3491,3.0,2013-12-31,2013
640,33.5941667,-115.964,2.99,2013-03-02,2013
641,44.586833299999995,-110.965,2.99,2013-05-07,2013
642,37.6433333,-118.92233329999999,2.99,2013-06-18,2013
643,40.188166700000004,-121.04133329999999,2.99,2013-07-21,2013
644,37.8836667,-122.23266670000001,2.99,2013-10-07,2013
645,44.822166700000004,-111.02733329999998,2.99,2013-11-25,2013
646,37.406,-118.6,2.98,2013-02-07,2013
647,33.5905,-115.96333329999999,2.98,2013-03-03,2013
648,36.9655,-121.45316670000001,2.98,2013-04-30,2013
649,35.880166700000004,-120.43,2.98,2013-05-03,2013
650,40.193000000000005,-121.07516670000001,2.98,2013-05-24,2013
651,35.9253333,-120.47833329999999,2.98,2013-06-20,2013
652,36.07,-120.64316670000001,2.98,2013-08-06,2013
653,32.8813333,-116.25333329999998,2.98,2013-08-08,2013
654,40.297,-124.507,2.98,2013-10-27,2013
655,36.8448333,-121.57666670000002,2.98,2013-12-15,2013
656,38.7601667,-122.72433329999998,2.97,2013-01-08,2013
657,35.8656667,-121.9195,2.97,2013-02-09,2013
658,38.8145,-122.8165,2.97,2013-04-18,2013
659,32.211,-115.22133329999998,2.97,2013-05-01,2013
660,40.1783333,-121.02983329999999,2.97,2013-05-24,2013
661,40.1861667,-121.06783329999999,2.97,2013-06-29,2013
662,36.1435,-118.07183329999998,2.97,2013-08-04,2013
663,40.1948333,-121.03866670000001,2.97,2013-08-07,2013
664,36.6803333,-121.30733329999998,2.97,2013-08-10,2013
665,37.808,-113.17316670000001,2.97,2013-08-14,2013
666,40.1585,-121.04583329999998,2.97,2013-08-19,2013
667,35.851833299999996,-120.40016670000001,2.97,2013-09-11,2013
668,40.155333299999995,-121.08283329999999,2.97,2013-09-17,2013
669,40.1625,-121.0805,2.97,2013-09-17,2013
670,40.713666700000005,-122.49066670000002,2.97,2013-10-17,2013
671,34.207666700000004,-117.01383329999999,2.97,2013-11-04,2013
672,36.272833299999995,-120.33,2.97,2013-11-08,2013
673,37.774333299999995,-121.94516670000002,2.97,2013-11-12,2013
674,40.157166700000005,-121.07616670000002,2.97,2013-12-23,2013
675,36.1445,-118.05966670000001,2.97,2013-12-23,2013
676,38.8238333,-122.7955,2.96,2013-01-29,2013
677,40.6288333,-123.50516670000002,2.96,2013-03-01,2013
678,34.1115,-116.72566670000002,2.96,2013-03-17,2013
679,36.936833299999996,-121.431,2.96,2013-03-26,2013
680,40.2943333,-124.50083329999998,2.96,2013-04-06,2013
681,32.2345,-115.2795,2.96,2013-04-09,2013
682,32.6821667,-117.34033329999998,2.96,2013-06-26,2013
683,31.7255,-115.02466670000001,2.96,2013-08-30,2013
684,31.8703333,-114.95333329999998,2.95,2013-03-04,2013
685,38.8255,-122.7796667,2.95,2013-03-14,2013
686,38.819166700000004,-122.8038333,2.95,2013-05-15,2013
687,35.7278333,-121.11216670000002,2.95,2013-07-08,2013
688,33.205,-115.67483329999999,2.95,2013-10-14,2013
689,39.7835,-120.68066670000002,2.95,2013-11-09,2013
690,31.219166700000002,-115.91466670000001,2.95,2013-11-17,2013
691,44.8128333,-111.01983329999999,2.95,2013-11-23,2013
692,45.3601667,-118.206,2.95,2013-12-23,2013
693,40.291166700000005,-124.49583329999999,2.94,2013-03-12,2013
694,40.5773333,-124.44216670000002,2.94,2013-03-26,2013
695,36.2541667,-120.82133329999999,2.94,2013-03-29,2013
696,44.32,-110.67516670000002,2.94,2013-04-16,2013
697,40.1776667,-121.02833329999999,2.94,2013-05-24,2013
698,40.1765,-121.08766670000001,2.94,2013-05-31,2013
699,34.9046667,-119.21083329999999,2.94,2013-07-05,2013
700,41.2461667,-108.78983329999998,2.94,2013-07-19,2013
701,36.4125,-120.99383329999999,2.94,2013-08-09,2013
702,46.6915,-122.36233329999999,2.94,2013-08-12,2013
703,40.6103333,-124.87466670000002,2.94,2013-09-30,2013
704,31.386999999999997,-115.48866670000001,2.94,2013-10-15,2013
705,44.8143333,-111.0225,2.94,2013-11-23,2013
706,31.226666700000003,-115.94783329999999,2.93,2013-02-20,2013
707,40.3016667,-121.46083329999999,2.93,2013-04-09,2013
708,32.405,-115.20083329999999,2.93,2013-05-22,2013
709,40.1816667,-121.05033329999999,2.93,2013-05-25,2013
710,48.537,-119.882,2.93,2013-05-26,2013
711,45.7695,-76.36916670000001,2.93,2013-05-30,2013
712,40.2045,-121.09716670000002,2.93,2013-05-31,2013
713,37.171833299999996,-113.413,2.93,2013-05-31,2013
714,37.6175,-118.80316670000002,2.93,2013-08-15,2013
715,33.114000000000004,-115.5855,2.93,2013-08-20,2013
716,39.7771667,-122.85366670000002,2.93,2013-11-26,2013
717,38.8425,-122.82883329999999,2.93,2013-12-20,2013
718,40.599166700000005,-123.3545,2.92,2013-01-07,2013
719,36.8235,-120.84616670000001,2.92,2013-03-31,2013
720,36.404166700000005,-117.84133329999999,2.92,2013-04-08,2013
721,40.1953333,-121.0915,2.92,2013-05-24,2013
722,40.1726667,-121.05333329999999,2.92,2013-05-25,2013
723,40.158666700000005,-121.069,2.92,2013-05-26,2013
724,33.666,-118.3926667,2.92,2013-06-07,2013
725,33.3158333,-116.34416670000002,2.92,2013-07-17,2013
726,36.0628333,-120.08833329999999,2.92,2013-08-09,2013
727,37.9443333,-122.06116670000002,2.92,2013-09-10,2013
728,40.326,-124.32583329999999,2.92,2013-10-18,2013
729,36.1966667,-120.76233329999998,2.92,2013-11-06,2013
730,36.323666700000004,-120.42566670000001,2.91,2013-01-01,2013
731,48.5326667,-119.89299999999999,2.91,2013-01-08,2013
732,38.7891667,-122.7425,2.91,2013-02-04,2013
733,39.9733333,-120.7948333,2.91,2013-05-09,2013
734,33.9595,-118.4155,2.91,2013-05-09,2013
735,33.502166700000004,-116.47616670000001,2.91,2013-06-16,2013
736,32.2783333,-115.27266670000002,2.91,2013-06-25,2013
737,32.881,-116.2525,2.91,2013-08-10,2013
738,33.6786667,-116.71516670000001,2.91,2013-10-16,2013
739,37.3835,-118.67766670000002,2.91,2013-10-17,2013
740,36.623000000000005,-121.16016670000002,2.91,2013-10-17,2013
741,37.2513333,-122.16833329999999,2.91,2013-12-14,2013
742,33.0056667,-116.2325,2.91,2013-12-28,2013
743,35.454,-97.275,2.9,2013-01-08,2013
744,38.793,-122.76916670000001,2.9,2013-01-22,2013
745,38.2393333,-122.059,2.9,2013-01-25,2013
746,32.042,-107.84700000000001,2.9,2013-01-27,2013
747,32.035166700000005,-114.97916670000001,2.9,2013-01-31,2013
748,37.071,-104.863,2.9,2013-02-09,2013
749,38.0392,-118.1083,2.9,2013-02-13,2013
750,42.537,-108.271,2.9,2013-03-06,2013
751,27.875,-92.04299999999999,2.9,2013-03-11,2013
752,35.321999999999996,-96.50399999999999,2.9,2013-03-23,2013
753,35.677,-97.094,2.9,2013-04-16,2013
754,35.681999999999995,-97.07700000000001,2.9,2013-04-17,2013
755,37.8022,-115.8393,2.9,2013-04-21,2013
756,38.199,-107.74700000000001,2.9,2013-05-02,2013
757,44.5723,-112.7231,2.9,2013-05-07,2013
758,38.708,-118.5921,2.9,2013-05-08,2013
759,35.855,-100.319,2.9,2013-05-14,2013
760,35.9478333,-91.3005,2.9,2013-05-21,2013
761,34.074,-96.573,2.9,2013-05-21,2013
762,44.571000000000005,-112.7206,2.9,2013-05-22,2013
763,37.2732,-117.4507,2.9,2013-05-28,2013
764,35.469,-97.00399999999999,2.9,2013-05-29,2013
765,31.86,-94.33200000000001,2.9,2013-05-31,2013
766,34.135999999999996,-96.64200000000001,2.9,2013-05-31,2013
767,39.1143,-119.7142,2.9,2013-06-05,2013
768,46.52,-66.249,2.9,2013-06-20,2013
769,35.629,-96.971,2.9,2013-07-01,2013
770,40.8856667,-121.15316670000001,2.9,2013-07-07,2013
771,40.288166700000005,-122.04716670000002,2.9,2013-07-07,2013
772,40.9425,-121.74066670000002,2.9,2013-07-09,2013
773,36.921,-98.038,2.9,2013-07-27,2013
774,42.513999999999996,-111.46799999999999,2.9,2013-07-28,2013
775,36.85,-97.738,2.9,2013-07-31,2013
776,37.3168333,-121.681,2.9,2013-08-05,2013
777,36.879,-97.97399999999999,2.9,2013-08-08,2013
778,36.1645,-81.6635,2.9,2013-08-25,2013
779,40.7906,-116.5793,2.9,2013-09-03,2013
780,34.109,-96.883,2.9,2013-09-08,2013
781,40.5963333,-122.25683329999998,2.9,2013-09-12,2013
782,37.0533,-97.934,2.9,2013-09-14,2013
783,31.7886667,-115.01816670000001,2.9,2013-09-19,2013
784,37.0271,-104.8443,2.9,2013-09-20,2013
785,33.937,-97.163,2.9,2013-09-23,2013
786,40.7888,-108.1951,2.9,2013-09-24,2013
787,35.5927,-97.3727,2.9,2013-10-01,2013
788,35.5274,-97.3946,2.9,2013-10-03,2013
789,36.5883,-97.8171,2.9,2013-10-05,2013
790,32.9151667,-115.8633333,2.9,2013-10-06,2013
791,36.1819,-96.8286,2.9,2013-10-09,2013
792,38.0182,-118.1154,2.9,2013-10-11,2013
793,39.5617,-118.1992,2.9,2013-10-16,2013
794,35.668,-97.131,2.9,2013-10-18,2013
795,37.7871667,-121.91666670000001,2.9,2013-10-21,2013
796,36.635,-97.9674,2.9,2013-10-22,2013
797,39.7396667,-123.55266670000002,2.9,2013-10-26,2013
798,48.1736,-113.0313,2.9,2013-10-28,2013
799,40.189,-121.0921667,2.9,2013-11-01,2013
800,35.598,-97.375,2.9,2013-11-02,2013
801,45.751000000000005,-76.344,2.9,2013-11-16,2013
802,36.4405,-112.3023,2.9,2013-11-23,2013
803,32.9152,-97.5983,2.9,2013-11-23,2013
804,35.748000000000005,-97.57799999999999,2.9,2013-11-23,2013
805,37.3812,-117.1274,2.9,2013-12-05,2013
806,43.2513,-110.4896,2.9,2013-12-08,2013
807,36.1688,-96.9641,2.9,2013-12-08,2013
808,32.9379,-97.6196,2.9,2013-12-15,2013
809,38.7755,-122.70933329999998,2.9,2013-12-25,2013
810,31.177,-115.637,2.9,2013-12-26,2013
811,36.19,-98.501,2.9,2013-12-27,2013
812,36.473,-97.024,2.9,2013-12-30,2013
813,35.916,-114.8036,2.9,2013-12-30,2013
814,36.7606,-98.5915,2.9,2013-12-31,2013
815,36.1513,-96.8297,2.9,2013-12-31,2013
816,38.815,-122.82083329999999,2.89,2013-02-11,2013
817,40.392166700000004,-124.31016670000001,2.89,2013-02-15,2013
818,37.5608333,-121.95283329999998,2.89,2013-02-24,2013
819,38.5658333,-119.5085,2.89,2013-02-28,2013
820,38.8225,-122.80666670000001,2.89,2013-03-01,2013
821,34.71,-116.29,2.89,2013-04-08,2013
822,36.831166700000004,-121.57283329999999,2.89,2013-04-13,2013
823,40.2236667,-121.06066670000001,2.89,2013-05-24,2013
824,33.9966667,-117.16766670000001,2.89,2013-07-03,2013
825,34.7135,-116.2978333,2.89,2013-10-06,2013
826,33.1998333,-115.67466670000002,2.89,2013-10-14,2013
827,31.2453333,-115.61833329999999,2.89,2013-10-17,2013
828,36.8456667,-121.5765,2.89,2013-12-15,2013
829,34.0493333,-117.27983329999999,2.88,2013-01-13,2013
830,35.8081667,-119.91966670000001,2.88,2013-01-18,2013
831,44.4655,-124.6073333,2.88,2013-01-25,2013
832,38.8255,-122.7595,2.88,2013-01-30,2013
833,36.0523333,-120.0983333,2.88,2013-08-09,2013
834,40.4935,-124.28399999999999,2.88,2013-08-22,2013
835,37.5395,-121.92616670000001,2.88,2013-09-11,2013
836,40.301333299999996,-123.90283329999998,2.87,2013-01-08,2013
837,33.3448333,-116.355,2.87,2013-03-20,2013
838,33.8023333,-116.09183329999999,2.87,2013-04-06,2013
839,32.216666700000005,-115.23899999999999,2.87,2013-04-19,2013
840,33.3726667,-116.8405,2.87,2013-05-16,2013
841,40.1731667,-121.04716670000002,2.87,2013-05-24,2013
842,40.172,-121.04066670000002,2.87,2013-05-24,2013
843,40.1875,-121.05916670000002,2.87,2013-05-24,2013
844,48.5686667,-122.16466670000001,2.87,2013-05-25,2013
845,34.6181667,-116.66316670000002,2.87,2013-06-22,2013
846,44.7618333,-111.05516670000002,2.87,2013-07-02,2013
847,38.4481667,-122.73516670000001,2.87,2013-07-24,2013
848,44.8305,-110.94366670000001,2.87,2013-08-03,2013
849,34.6871667,-117.1875,2.87,2013-08-25,2013
850,38.8346667,-122.88,2.87,2013-08-31,2013
851,36.5431667,-121.134,2.87,2013-10-05,2013
852,39.780666700000005,-120.68216670000001,2.87,2013-11-09,2013
853,35.4043333,-118.40066670000002,2.87,2013-11-20,2013
854,31.956,-116.23316670000001,2.87,2013-12-05,2013
855,47.7426667,-122.89216670000002,2.87,2013-12-06,2013
856,32.185,-115.25716670000001,2.87,2013-12-31,2013
857,31.8438333,-116.73416670000002,2.86,2013-01-20,2013
858,38.8003333,-122.7855,2.86,2013-01-21,2013
859,36.5761667,-121.1345,2.86,2013-04-09,2013
860,44.6856667,-110.04416670000002,2.86,2013-05-03,2013
861,40.164666700000005,-121.05716670000001,2.86,2013-06-14,2013
862,34.2891667,-116.76700000000001,2.86,2013-08-12,2013
863,41.2576667,-123.46016670000002,2.86,2013-08-16,2013
864,31.591833299999998,-115.5771667,2.86,2013-09-12,2013
865,33.7958333,-117.6405,2.86,2013-10-05,2013
866,36.6418333,-121.26333329999999,2.86,2013-10-09,2013
867,37.7753333,-121.94683329999998,2.86,2013-11-09,2013
868,33.413166700000005,-118.87333329999998,2.86,2013-11-21,2013
869,36.4673333,-120.48883329999998,2.85,2013-02-02,2013
870,40.2966667,-124.50383329999998,2.85,2013-02-22,2013
871,33.919000000000004,-117.08233329999999,2.85,2013-03-15,2013
872,31.9956667,-115.04966670000002,2.85,2013-04-01,2013
873,38.8076667,-122.81166670000002,2.85,2013-04-13,2013
874,40.2895,-124.55316670000002,2.85,2013-04-23,2013
875,33.4383333,-116.89983329999998,2.85,2013-05-01,2013
876,40.167,-121.03733329999999,2.85,2013-05-24,2013
877,48.6318333,-123.08966670000001,2.85,2013-06-21,2013
878,36.242,-120.8038333,2.85,2013-06-24,2013
879,32.152333299999995,-116.78566670000001,2.85,2013-08-30,2013
880,44.740333299999996,-110.77916670000002,2.85,2013-09-13,2013
881,44.7456667,-110.77883329999999,2.85,2013-09-13,2013
882,44.6535,-110.428,2.85,2013-10-30,2013
883,37.5253333,-118.82833329999998,2.85,2013-11-30,2013
884,38.5683333,-119.61566670000002,2.84,2013-01-24,2013
885,38.8298333,-122.83266670000002,2.84,2013-02-06,2013
886,34.0941667,-119.244,2.84,2013-03-27,2013
887,36.89,-112.42399999999999,2.84,2013-04-02,2013
888,36.964833299999995,-121.45383329999999,2.84,2013-05-02,2013
889,31.5808333,-116.10683329999999,2.84,2013-05-16,2013
890,40.1953333,-121.04583329999998,2.84,2013-05-24,2013
891,40.1753333,-121.0515,2.84,2013-05-24,2013
892,41.341,-123.38166670000001,2.84,2013-06-10,2013
893,42.4946667,-111.429,2.84,2013-07-27,2013
894,37.391,-121.73916670000001,2.84,2013-08-02,2013
895,45.7993333,-116.1578333,2.84,2013-08-12,2013
896,32.8766667,-116.24616670000002,2.84,2013-09-06,2013
897,37.524666700000004,-118.8513333,2.84,2013-10-12,2013
898,30.9501667,-116.64533329999999,2.84,2013-10-28,2013
899,33.8588333,-118.27483329999998,2.84,2013-11-06,2013
900,33.9956667,-117.21683329999999,2.84,2013-11-09,2013
901,33.2423333,-116.34416670000002,2.83,2013-01-06,2013
902,40.3196667,-123.7495,2.83,2013-01-10,2013
903,38.8113333,-122.81183329999999,2.83,2013-01-13,2013
904,37.786,-113.12533329999998,2.83,2013-02-08,2013
905,38.8106667,-122.77783329999998,2.83,2013-03-14,2013
906,34.2458333,-116.77566670000002,2.83,2013-03-26,2013
907,44.5815,-110.97016670000001,2.83,2013-05-06,2013
908,40.312,-124.40883329999998,2.83,2013-05-19,2013
909,40.1916667,-121.04266670000001,2.83,2013-05-24,2013
910,37.174,-113.41366670000001,2.83,2013-05-31,2013
911,35.482,-118.286,2.83,2013-07-30,2013
912,32.9735,-116.0705,2.83,2013-10-06,2013
913,32.2416667,-115.24933329999999,2.83,2013-10-28,2013
914,37.250666700000004,-122.16866670000002,2.83,2013-12-01,2013
915,36.645166700000004,-121.10083329999999,2.82,2013-01-07,2013
916,32.5505,-115.6455,2.82,2013-01-21,2013
917,33.3913333,-116.84466670000002,2.82,2013-01-31,2013
918,34.627166700000004,-116.62166670000002,2.82,2013-02-19,2013
919,40.1803333,-121.05633329999999,2.82,2013-05-24,2013
920,40.1825,-121.0595,2.82,2013-06-03,2013
921,33.9428333,-116.72583329999999,2.82,2013-06-24,2013
922,32.0561667,-116.46700000000001,2.82,2013-07-09,2013
923,37.4413333,-118.63733329999998,2.82,2013-07-24,2013
924,38.7736667,-122.7353333,2.82,2013-08-18,2013
925,31.7253333,-116.66533329999999,2.82,2013-08-23,2013
926,40.554,-122.243,2.82,2013-08-31,2013
927,44.5681667,-110.84700000000001,2.82,2013-10-05,2013
928,37.4946667,-118.836,2.82,2013-11-29,2013
929,35.4043333,-118.397,2.82,2013-12-12,2013
930,35.585333299999995,-120.8395,2.81,2013-03-24,2013
931,35.7281667,-121.10799999999999,2.81,2013-04-05,2013
932,40.1928333,-121.05916670000002,2.81,2013-05-24,2013
933,40.443000000000005,-124.35866670000001,2.81,2013-07-29,2013
934,35.4703333,-118.5225,2.81,2013-08-24,2013
935,35.8711667,-116.749,2.81,2013-09-23,2013
936,37.1869,-117.417,2.8,2013-01-05,2013
937,35.599000000000004,-97.345,2.8,2013-01-17,2013
938,38.1526,-118.0157,2.8,2013-01-19,2013
939,38.1546,-118.0098,2.8,2013-01-21,2013
940,38.1526,-117.9985,2.8,2013-01-24,2013
941,31.866,-94.389,2.8,2013-01-29,2013
942,31.939,-94.46600000000001,2.8,2013-01-31,2013
943,36.4553333,-120.4745,2.8,2013-02-02,2013
944,44.791000000000004,-114.455,2.8,2013-02-11,2013
945,40.3788333,-124.2835,2.8,2013-02-15,2013
946,38.0209,-118.0723,2.8,2013-03-11,2013
947,38.5227,-119.26899999999999,2.8,2013-03-12,2013
948,37.0152,-113.5983,2.8,2013-03-23,2013
949,39.5481667,-122.01133329999999,2.8,2013-04-02,2013
950,35.5501667,-92.5638333,2.8,2013-04-03,2013
951,34.924,-95.958,2.8,2013-04-04,2013
952,35.527,-97.111,2.8,2013-04-08,2013
953,43.9736,-106.4466,2.8,2013-04-11,2013
954,35.675,-97.08,2.8,2013-04-16,2013
955,35.694,-97.09299999999999,2.8,2013-04-16,2013
956,35.681,-97.079,2.8,2013-04-17,2013
957,35.657,-97.13799999999999,2.8,2013-04-19,2013
958,35.424,-100.238,2.8,2013-04-26,2013
959,33.7756667,-82.3773333,2.8,2013-04-26,2013
960,44.5723,-112.7265,2.8,2013-05-06,2013
961,35.6218333,-90.5571667,2.8,2013-05-14,2013
962,46.9401,-113.3086,2.8,2013-05-17,2013
963,33.2145,-115.55533329999999,2.8,2013-05-19,2013
964,37.158,-104.91,2.8,2013-05-20,2013
965,46.77,-107.52,2.8,2013-05-21,2013
966,44.5703,-112.7198,2.8,2013-05-23,2013
967,43.641000000000005,-110.477,2.8,2013-05-29,2013
968,35.493,-97.137,2.8,2013-06-02,2013
969,35.972,-96.86,2.8,2013-06-05,2013
970,35.472,-96.41,2.8,2013-06-12,2013
971,35.567,-97.307,2.8,2013-06-12,2013
972,35.4108333,-92.4043333,2.8,2013-06-13,2013
973,44.718,-114.589,2.8,2013-06-16,2013
974,39.1109,-119.7201,2.8,2013-06-16,2013
975,37.6375,-118.92733329999999,2.8,2013-06-18,2013
976,39.1105,-119.7182,2.8,2013-06-20,2013
977,32.9526667,-115.53516670000002,2.8,2013-06-21,2013
978,37.074,-104.777,2.8,2013-06-22,2013
979,35.13,-97.899,2.8,2013-06-27,2013
980,36.645,-97.97,2.8,2013-06-27,2013
981,35.4608333,-92.2165,2.8,2013-07-03,2013
982,40.086999999999996,-119.6782,2.8,2013-07-04,2013
983,36.6776667,-121.27733329999998,2.8,2013-07-07,2013
984,35.6713333,-121.05733329999998,2.8,2013-07-07,2013
985,44.8196,-111.4516,2.8,2013-07-07,2013
986,36.3375,-120.83766670000001,2.8,2013-07-12,2013
987,36.652,-97.985,2.8,2013-07-14,2013
988,39.8115,-122.8875,2.8,2013-07-15,2013
989,36.696999999999996,-98.186,2.8,2013-07-15,2013
990,38.3696,-118.3355,2.8,2013-07-18,2013
991,38.841333299999995,-122.78566670000001,2.8,2013-07-23,2013
992,46.291000000000004,-66.945,2.8,2013-07-25,2013
993,37.0525,-121.4855,2.8,2013-07-29,2013
994,38.8393333,-80.9086667,2.8,2013-07-30,2013
995,37.594333299999995,-122.4275,2.8,2013-08-03,2013
996,36.8471667,-120.84433329999999,2.8,2013-08-05,2013
997,36.8928,-97.9831,2.8,2013-08-08,2013
998,36.2635,-89.2998333,2.8,2013-08-09,2013
999,36.0523333,-89.81533329999999,2.8,2013-08-10,2013
1000,37.847,-122.0465,2.8,2013-08-22,2013
1001,40.189,-121.04433329999999,2.8,2013-09-01,2013
1002,31.781,-115.027,2.8,2013-09-16,2013
1003,33.5346667,-118.3165,2.8,2013-09-21,2013
1004,33.957,-97.13600000000001,2.8,2013-09-21,2013
1005,36.292,-96.902,2.8,2013-09-22,2013
1006,34.2856,-110.3263,2.8,2013-09-23,2013
1007,40.5256667,-124.87133329999999,2.8,2013-09-24,2013
1008,36.7561667,-121.34966670000001,2.8,2013-09-26,2013
1009,37.3656667,-118.41616670000002,2.8,2013-09-28,2013
1010,35.586999999999996,-97.37899999999999,2.8,2013-10-02,2013
1011,41.2598,-118.4315,2.8,2013-10-11,2013
1012,35.605,-97.376,2.8,2013-10-20,2013
1013,36.2313,-97.584,2.8,2013-10-23,2013
1014,40.4219,-107.0211,2.8,2013-10-27,2013
1015,35.599000000000004,-97.374,2.8,2013-11-02,2013
1016,32.9556,-97.6719,2.8,2013-11-08,2013
1017,35.966666700000005,-120.51433329999999,2.8,2013-11-08,2013
1018,32.9923,-97.5436,2.8,2013-11-11,2013
1019,35.601,-97.384,2.8,2013-11-18,2013
1020,36.177,-96.956,2.8,2013-11-18,2013
1021,32.9086,-97.5903,2.8,2013-11-19,2013
1022,32.9479,-97.5353,2.8,2013-11-26,2013
1023,37.3489,-117.1294,2.8,2013-11-26,2013
1024,32.9594,-97.6176,2.8,2013-11-26,2013
1025,46.1784,-65.809,2.8,2013-11-28,2013
1026,33.0291,-98.2141,2.8,2013-11-28,2013
1027,35.396,-96.448,2.8,2013-12-03,2013
1028,38.8145,-122.82883329999999,2.8,2013-12-08,2013
1029,34.9946667,-84.8118333,2.8,2013-12-10,2013
1030,36.74,-98.286,2.8,2013-12-13,2013
1031,36.8465,-121.5771667,2.8,2013-12-14,2013
1032,41.9335,-105.6663,2.8,2013-12-19,2013
1033,37.977166700000005,-122.05316670000002,2.8,2013-12-22,2013
1034,45.2655,-112.7561,2.8,2013-12-24,2013
1035,34.953,-97.37299999999999,2.8,2013-12-25,2013
1036,43.72,-111.13,2.8,2013-12-29,2013
1037,40.177833299999996,-121.0965,2.79,2013-05-24,2013
1038,40.1785,-121.0405,2.79,2013-05-24,2013
1039,33.668,-118.40516670000001,2.79,2013-06-07,2013
1040,34.9001667,-119.03083329999998,2.79,2013-08-03,2013
1041,38.8351667,-122.80033329999999,2.79,2013-08-08,2013
1042,39.6746667,-111.51266670000001,2.79,2013-11-26,2013
1043,37.6248333,-118.88883329999999,2.79,2013-12-14,2013
1044,38.9513333,-122.75933329999998,2.78,2013-01-09,2013
1045,36.8231667,-121.55483329999998,2.78,2013-01-27,2013
1046,32.2371667,-115.37033329999998,2.78,2013-03-16,2013
1047,38.7318333,-119.6765,2.78,2013-05-03,2013
1048,40.1791667,-121.03299999999999,2.78,2013-05-24,2013
1049,40.14,-121.06533329999999,2.78,2013-06-21,2013
1050,37.6905,-121.64966670000001,2.78,2013-06-29,2013
1051,33.1221667,-117.66933329999999,2.78,2013-07-20,2013
1052,40.3591667,-124.08983329999998,2.78,2013-08-19,2013
1053,46.656000000000006,-120.56433329999999,2.78,2013-09-05,2013
1054,36.1188333,-117.69333329999999,2.78,2013-09-09,2013
1055,32.5798333,-115.68799999999999,2.78,2013-09-28,2013
1056,36.1513333,-118.07133329999999,2.78,2013-10-14,2013
1057,45.926333299999996,-116.83466670000001,2.78,2013-12-01,2013
1058,31.7776667,-115.07566670000001,2.77,2013-01-03,2013
1059,40.3178333,-124.58683329999998,2.77,2013-01-13,2013
1060,36.654,-121.28033329999998,2.77,2013-01-19,2013
1061,38.7883333,-122.762,2.77,2013-02-10,2013
1062,34.033333299999995,-117.2465,2.77,2013-03-10,2013
1063,35.9455,-117.665,2.77,2013-03-21,2013
1064,39.9916667,-120.57983329999999,2.77,2013-04-21,2013
1065,31.7683333,-115.87783329999999,2.77,2013-05-01,2013
1066,37.2996667,-118.6355,2.77,2013-06-11,2013
1067,32.145,-115.16433329999998,2.77,2013-06-18,2013
1068,34.494833299999996,-116.51916670000001,2.77,2013-10-31,2013
1069,39.781833299999995,-120.6785,2.77,2013-11-09,2013
1070,37.6588333,-122.49183329999998,2.77,2013-11-12,2013
1071,32.7338333,-115.494,2.77,2013-12-08,2013
1072,44.4571667,-124.68633329999999,2.76,2013-01-25,2013
1073,40.3755,-124.89383329999998,2.76,2013-02-22,2013
1074,33.4911667,-116.448,2.76,2013-03-11,2013
1075,40.4343333,-124.69983329999998,2.76,2013-03-21,2013
1076,36.9615,-121.45433329999999,2.76,2013-04-05,2013
1077,33.1783333,-115.62266670000001,2.76,2013-04-10,2013
1078,40.199,-121.0785,2.76,2013-05-24,2013
1079,40.1973333,-121.09383329999999,2.76,2013-05-26,2013
1080,40.3256667,-124.58533329999999,2.76,2013-06-09,2013
1081,40.3703333,-124.265,2.76,2013-07-02,2013
1082,38.8046667,-122.79083329999999,2.76,2013-07-28,2013
1083,34.9916667,-118.5345,2.76,2013-08-05,2013
1084,47.778,-123.22916670000001,2.76,2013-08-12,2013
1085,40.3555,-121.92366670000001,2.76,2013-08-17,2013
1086,40.3363333,-124.11533329999999,2.76,2013-08-19,2013
1087,40.321999999999996,-124.44233329999999,2.76,2013-08-25,2013
1088,38.7905,-122.807,2.76,2013-08-29,2013
1089,47.3015,-116.32033329999999,2.76,2013-09-09,2013
1090,39.8575,-121.9883333,2.76,2013-09-21,2013
1091,32.2556667,-115.3211667,2.76,2013-10-07,2013
1092,36.7873333,-121.52583329999999,2.76,2013-11-01,2013
1093,47.4945,-123.16283329999999,2.76,2013-11-11,2013
1094,36.1418333,-118.0675,2.76,2013-12-27,2013
1095,33.8838333,-116.5388333,2.75,2013-01-23,2013
1096,36.8223333,-121.54799999999999,2.75,2013-01-24,2013
1097,36.0011667,-120.55983329999998,2.75,2013-01-25,2013
1098,36.8568333,-121.59316670000001,2.75,2013-03-10,2013
1099,34.015,-118.209,2.75,2013-03-20,2013
1100,40.0011667,-111.79316670000001,2.75,2013-04-19,2013
1101,36.7633333,-121.47266670000002,2.75,2013-06-28,2013
1102,34.0295,-117.24833329999998,2.75,2013-08-29,2013
1103,40.1898333,-121.0635,2.75,2013-09-15,2013
1104,38.8056667,-122.7383333,2.75,2013-09-30,2013
1105,36.6055,-114.26299999999999,2.75,2013-10-30,2013
1106,38.841333299999995,-122.8265,2.75,2013-10-31,2013
1107,48.1898333,-123.1935,2.75,2013-11-24,2013
1108,40.3178333,-124.57333329999999,2.75,2013-12-03,2013
1109,33.988833299999996,-118.69433329999998,2.75,2013-12-10,2013
1110,33.9823333,-118.44566670000002,2.75,2013-12-19,2013
1111,38.9525,-122.75683329999998,2.74,2013-01-08,2013
1112,38.8248333,-122.79233329999998,2.74,2013-01-29,2013
1113,34.0705,-117.23716670000002,2.74,2013-02-05,2013
1114,38.7971667,-122.78633329999998,2.74,2013-03-04,2013
1115,34.0325,-117.24716670000001,2.74,2013-03-10,2013
1116,33.49,-116.45983329999999,2.74,2013-04-13,2013
1117,32.233000000000004,-115.27466670000001,2.74,2013-04-26,2013
1118,34.7723333,-118.9318333,2.74,2013-05-01,2013
1119,48.3163333,-124.81666670000001,2.74,2013-05-08,2013
1120,46.1273333,-122.16516670000001,2.74,2013-05-21,2013
1121,32.3036667,-115.33083329999998,2.74,2013-05-23,2013
1122,40.1841667,-121.06716670000002,2.74,2013-05-24,2013
1123,38.789333299999996,-122.762001,2.74,2013-05-26,2013
1124,36.8155,-121.405,2.74,2013-05-29,2013
1125,48.6306667,-123.08683329999998,2.74,2013-06-21,2013
1126,32.1611667,-115.17200000000001,2.74,2013-07-14,2013
1127,35.4835,-118.28516670000002,2.74,2013-07-24,2013
1128,31.406666700000002,-115.7645,2.74,2013-08-17,2013
1129,40.332,-124.117,2.74,2013-08-19,2013
1130,37.471166700000005,-118.8435,2.74,2013-10-23,2013
1131,38.8438333,-122.82799999999999,2.74,2013-11-22,2013
1132,36.0278333,-117.76799999999999,2.74,2013-11-22,2013
1133,37.7771667,-121.94016670000002,2.74,2013-11-23,2013
1134,44.817666700000004,-111.02033329999999,2.74,2013-11-23,2013
1135,33.052,-115.58366670000001,2.74,2013-12-21,2013
1136,36.0388333,-119.85883329999999,2.74,2013-12-27,2013
1137,40.5311667,-122.2535,2.73,2013-01-26,2013
1138,33.5053333,-116.46600000000001,2.73,2013-03-11,2013
1139,38.8158333,-122.78466670000002,2.73,2013-03-14,2013
1140,34.0103333,-117.17966670000001,2.73,2013-03-16,2013
1141,31.114,-116.64016670000001,2.73,2013-03-18,2013
1142,40.2205,-121.3435,2.73,2013-05-08,2013
1143,40.343,-124.6115,2.73,2013-05-10,2013
1144,45.4413333,-74.199,2.73,2013-05-21,2013
1145,40.1848333,-121.03133329999999,2.73,2013-05-24,2013
1146,32.884,-116.257,2.73,2013-05-29,2013
1147,40.1938333,-121.0925,2.73,2013-06-03,2013
1148,32.9283333,-116.477,2.73,2013-06-17,2013
1149,45.2976667,-121.75383329999998,2.73,2013-08-14,2013
1150,41.7321667,-108.76299999999999,2.73,2013-08-14,2013
1151,33.2023333,-115.67833329999999,2.73,2013-10-14,2013
1152,36.248000000000005,-120.816,2.73,2013-11-07,2013
1153,32.258166700000004,-115.32866670000001,2.72,2013-01-20,2013
1154,40.325,-124.85533329999998,2.72,2013-01-23,2013
1155,32.2221667,-115.27733329999998,2.72,2013-02-13,2013
1156,31.8246667,-116.22716670000001,2.72,2013-02-14,2013
1157,37.7556667,-122.566,2.72,2013-03-08,2013
1158,37.8745,-113.03766670000002,2.72,2013-03-20,2013
1159,38.8106667,-122.81333329999998,2.72,2013-04-13,2013
1160,38.8315,-122.79866670000001,2.72,2013-04-22,2013
1161,36.703,-121.33933329999999,2.72,2013-04-24,2013
1162,33.9575,-118.4095,2.72,2013-04-29,2013
1163,36.849166700000005,-111.79633329999999,2.72,2013-05-28,2013
1164,39.417333299999996,-120.67683329999998,2.72,2013-05-29,2013
1165,34.4186667,-119.92816670000002,2.72,2013-05-30,2013
1166,36.9955,-121.45766670000002,2.72,2013-05-30,2013
1167,33.961,-118.41533329999999,2.72,2013-07-01,2013
1168,38.8216667,-122.7616667,2.72,2013-08-15,2013
1169,32.8851667,-116.2565,2.72,2013-08-24,2013
1170,44.8145,-110.52416670000001,2.72,2013-09-09,2013
1171,40.1845,-120.98616670000001,2.72,2013-10-05,2013
1172,37.561,-118.8615,2.72,2013-11-22,2013
1173,40.168833299999996,-121.06166670000002,2.72,2013-12-15,2013
1174,31.761,-115.8543333,2.72,2013-12-24,2013
1175,31.2785,-116.16066670000001,2.71,2013-01-05,2013
1176,31.456,-119.6415,2.71,2013-01-17,2013
1177,33.6656667,-118.39366670000001,2.71,2013-03-12,2013
1178,40.1871667,-121.07883329999999,2.71,2013-05-24,2013
1179,40.147833299999995,-121.01433329999999,2.71,2013-06-02,2013
1180,44.7565,-110.91283329999999,2.71,2013-06-30,2013
1181,36.6398333,-121.25616670000001,2.71,2013-07-03,2013
1182,32.1413333,-115.12233329999998,2.71,2013-07-10,2013
1183,36.5443333,-121.1366667,2.71,2013-07-21,2013
1184,44.5861667,-110.37899999999999,2.71,2013-09-01,2013
1185,31.727833299999997,-115.0445,2.71,2013-09-01,2013
1186,35.4686667,-119.31,2.71,2013-11-21,2013
1187,37.3761667,-119.0105,2.71,2013-12-26,2013
1188,37.066,-104.56299999999999,2.7,2013-01-07,2013
1189,37.713666700000005,-88.8971667,2.7,2013-01-11,2013
1190,44.66,-112.12299999999999,2.7,2013-01-13,2013
1191,38.8151667,-122.79933329999999,2.7,2013-01-16,2013
1192,34.904,-97.427,2.7,2013-02-02,2013
1193,47.782,-70.046,2.7,2013-02-08,2013
1194,33.2311667,-119.2111667,2.7,2013-02-08,2013
1195,38.0412,-118.0243,2.7,2013-02-16,2013
1196,37.9106,-114.4116,2.7,2013-02-18,2013
1197,32.461999999999996,-96.87200000000001,2.7,2013-02-24,2013
1198,41.71,-81.467,2.7,2013-03-08,2013
1199,32.503,-97.499,2.7,2013-03-10,2013
1200,38.522,-119.2688,2.7,2013-03-12,2013
1201,38.146,-111.27016670000002,2.7,2013-03-19,2013
1202,48.0928,-113.0428,2.7,2013-03-26,2013
1203,36.3991667,-89.6393333,2.7,2013-04-03,2013
1204,36.2368333,-89.6,2.7,2013-04-05,2013
1205,36.649666700000004,-121.17216670000002,2.7,2013-04-07,2013
1206,37.3521,-114.9634,2.7,2013-04-08,2013
1207,32.4623333,-115.5765,2.7,2013-04-11,2013
1208,35.678000000000004,-97.089,2.7,2013-04-16,2013
1209,35.687,-97.07700000000001,2.7,2013-04-16,2013
1210,36.1775,-117.85183329999998,2.7,2013-04-16,2013
1211,47.783,-70.05,2.7,2013-04-27,2013
1212,35.664,-97.12899999999999,2.7,2013-04-27,2013
1213,38.181,-107.711,2.7,2013-05-02,2013
1214,45.6121,-111.7365,2.7,2013-05-14,2013
1215,40.2865,-124.34366670000001,2.7,2013-05-17,2013
1216,36.650999999999996,-97.664,2.7,2013-05-19,2013
1217,44.20399999999999,-115.411,2.7,2013-05-21,2013
1218,44.5721,-112.7345,2.7,2013-05-21,2013
1219,40.295333299999996,-124.39783329999999,2.7,2013-05-22,2013
1220,40.412,-117.14200000000001,2.7,2013-05-23,2013
1221,40.1906667,-121.04083329999999,2.7,2013-05-24,2013
1222,32.973,-100.88600000000001,2.7,2013-05-24,2013
1223,33.0398333,-116.44283329999999,2.7,2013-06-02,2013
1224,40.158,-121.0715,2.7,2013-06-03,2013
1225,38.6564,-115.8687,2.7,2013-06-09,2013
1226,35.59,-97.31200000000001,2.7,2013-06-14,2013
1227,35.459,-97.10799999999999,2.7,2013-06-16,2013
1228,37.603666700000005,-122.46033329999999,2.7,2013-06-20,2013
1229,38.4327,-118.73100000000001,2.7,2013-06-26,2013
1230,34.978,-97.69,2.7,2013-06-26,2013
1231,36.586,-97.82600000000001,2.7,2013-07-01,2013
1232,35.611999999999995,-97.199,2.7,2013-07-06,2013
1233,35.402,-96.48299999999999,2.7,2013-07-08,2013
1234,38.8956667,-80.887,2.7,2013-07-20,2013
1235,47.2543,-113.1523,2.7,2013-07-31,2013
1236,38.231333299999996,-122.16533329999999,2.7,2013-08-01,2013
1237,33.9586667,-118.42566670000001,2.7,2013-08-09,2013
1238,36.66,-97.694,2.7,2013-08-13,2013
1239,35.5758,-97.1849,2.7,2013-08-14,2013
1240,45.2651,-112.762,2.7,2013-08-22,2013
1241,39.8179,-119.5056,2.7,2013-08-28,2013
1242,44.25,-114.08,2.7,2013-09-01,2013
1243,35.7276667,-92.7175,2.7,2013-09-05,2013
1244,44.559,-110.81733329999999,2.7,2013-09-15,2013
1245,37.0334,-104.9183,2.7,2013-09-17,2013
1246,36.7327,-98.0454,2.7,2013-09-19,2013
1247,33.9645,-97.2127,2.7,2013-09-19,2013
1248,36.704,-98.02600000000001,2.7,2013-09-20,2013
1249,38.8343315,-122.7948303,2.7,2013-10-01,2013
1250,36.9789,-104.8656,2.7,2013-10-04,2013
1251,34.7145,-116.29166670000001,2.7,2013-10-06,2013
1252,36.714,-98.012,2.7,2013-10-08,2013
1253,36.1856,-96.8205,2.7,2013-10-09,2013
1254,36.5982,-97.8174,2.7,2013-10-12,2013
1255,44.3568,-115.7323,2.7,2013-10-15,2013
1256,36.605,-97.818,2.7,2013-10-15,2013
1257,39.5676,-118.1784,2.7,2013-10-15,2013
1258,40.2385,-121.1505,2.7,2013-10-16,2013
1259,42.9602,-111.0168,2.7,2013-10-19,2013
1260,37.5221667,-118.82766670000001,2.7,2013-10-29,2013
1261,35.6038,-97.3782,2.7,2013-10-30,2013
1262,36.7176,-116.3333,2.7,2013-11-01,2013
1263,35.5996,-97.3882,2.7,2013-11-02,2013
1264,48.732,-68.817,2.7,2013-11-04,2013
1265,36.5301667,-89.6293333,2.7,2013-11-08,2013
1266,35.652,-97.1332,2.7,2013-11-13,2013
1267,35.679,-97.40299999999999,2.7,2013-11-13,2013
1268,47.617,-69.821,2.7,2013-11-15,2013
1269,36.7569,-103.3024,2.7,2013-11-16,2013
1270,35.595,-97.385,2.7,2013-11-16,2013
1271,39.3475,-119.9935,2.7,2013-11-23,2013
1272,45.6905,-112.006,2.7,2013-11-23,2013
1273,32.908,-97.5587,2.7,2013-11-26,2013
1274,47.461000000000006,-66.54899999999999,2.7,2013-11-30,2013
1275,38.7625,-122.73866670000001,2.7,2013-12-03,2013
1276,32.9387,-97.5545,2.7,2013-12-03,2013
1277,35.891999999999996,-97.2864,2.7,2013-12-04,2013
1278,38.399,-115.5,2.7,2013-12-07,2013
1279,32.8951,-97.5437,2.7,2013-12-10,2013
1280,33.6998,-96.7133,2.7,2013-12-11,2013
1281,33.7122,-96.8048,2.7,2013-12-14,2013
1282,35.5975,-97.4084,2.7,2013-12-22,2013
1283,36.6558333,-121.2815,2.69,2013-01-22,2013
1284,33.4925,-116.4385,2.69,2013-03-27,2013
1285,36.8205,-120.87583329999998,2.69,2013-03-31,2013
1286,36.8358333,-111.4985,2.69,2013-04-06,2013
1287,38.8263333,-123.60783329999998,2.69,2013-04-07,2013
1288,32.653,-115.94583329999999,2.69,2013-04-15,2013
1289,36.2973333,-119.9055,2.69,2013-05-08,2013
1290,33.2083333,-115.54583329999998,2.69,2013-05-17,2013
1291,40.1876667,-121.06883329999998,2.69,2013-05-24,2013
1292,40.1758333,-121.065,2.69,2013-05-24,2013
1293,40.1665,-121.06883329999998,2.69,2013-06-07,2013
1294,40.1913333,-121.04066670000002,2.69,2013-07-08,2013
1295,44.7966667,-111.008,2.69,2013-09-11,2013
1296,36.128666700000004,-120.21833329999998,2.69,2013-10-24,2013
1297,40.5758333,-124.5415,2.69,2013-10-26,2013
1298,37.4805,-121.80799999999999,2.69,2013-11-02,2013
1299,38.7871667,-122.7805,2.69,2013-12-05,2013
1300,40.8498333,-111.55366670000001,2.69,2013-12-10,2013
1301,43.228666700000005,-120.50516670000002,2.69,2013-12-25,2013
1302,38.8375,-122.7995,2.68,2013-01-03,2013
1303,36.071,-120.6456667,2.68,2013-01-22,2013
1304,35.805,-118.50399999999999,2.68,2013-02-03,2013
1305,36.4943333,-116.57600000000001,2.68,2013-02-11,2013
1306,40.3736667,-124.30133329999998,2.68,2013-02-19,2013
1307,37.861999999999995,-121.78216670000002,2.68,2013-02-19,2013
1308,40.3096667,-124.67316670000001,2.68,2013-03-03,2013
1309,38.786,-122.76183329999999,2.68,2013-03-18,2013
1310,42.6173333,-122.4046667,2.68,2013-03-24,2013
1311,38.8366667,-122.80799999999999,2.68,2013-03-25,2013
1312,35.7266667,-121.1085,2.68,2013-04-22,2013
1313,37.4075,-118.56833329999999,2.68,2013-04-22,2013
1314,40.1738333,-121.03966670000001,2.68,2013-05-24,2013
1315,40.1765,-121.04516670000001,2.68,2013-05-24,2013
1316,36.7598343,-121.5031662,2.68,2013-05-25,2013
1317,40.2145,-121.11283329999999,2.68,2013-06-07,2013
1318,41.150833299999995,-123.8095,2.68,2013-07-25,2013
1319,31.594,-115.5695,2.68,2013-09-12,2013
1320,33.932333299999996,-116.36,2.68,2013-09-18,2013
1321,38.8305,-122.8068333,2.68,2013-10-08,2013
1322,38.835498799999996,-122.76933290000001,2.68,2013-10-09,2013
1323,38.810833,-122.82350159999999,2.68,2013-10-10,2013
1324,36.8773333,-121.6055,2.68,2013-11-01,2013
1325,38.2891667,-122.60533329999998,2.68,2013-11-17,2013
1326,36.0455,-121.04,2.68,2013-12-29,2013
1327,33.185,-115.60116670000001,2.67,2013-02-08,2013
1328,42.602166700000005,-122.40666670000002,2.67,2013-03-25,2013
1329,34.2725,-119.49833329999998,2.67,2013-04-03,2013
1330,31.7735,-115.0665,2.67,2013-04-10,2013
1331,34.593166700000005,-118.6255,2.67,2013-04-14,2013
1332,40.191,-121.08733329999998,2.67,2013-05-24,2013
1333,40.183,-121.06366670000001,2.67,2013-06-07,2013
1334,40.442,-124.6685,2.67,2013-09-04,2013
1335,34.0313333,-117.24716670000001,2.67,2013-09-30,2013
1336,38.8221664,-122.7929993,2.67,2013-10-11,2013
1337,32.68,-118.11766670000002,2.67,2013-10-13,2013
1338,33.2008333,-115.67766670000002,2.67,2013-10-14,2013
1339,36.5073333,-121.07283329999999,2.67,2013-10-22,2013
1340,31.253,-115.70433329999999,2.67,2013-11-02,2013
1341,32.1521667,-115.18816670000001,2.67,2013-11-07,2013
1342,31.510166700000003,-115.45666670000001,2.67,2013-11-10,2013
1343,46.3241667,-122.37899999999999,2.67,2013-11-18,2013
1344,36.840166700000005,-121.57133329999999,2.67,2013-12-17,2013
1345,37.7913333,-113.12366670000002,2.66,2013-02-06,2013
1346,39.8703333,-122.68866670000001,2.66,2013-02-15,2013
1347,36.9596667,-121.449,2.66,2013-04-01,2013
1348,36.611,-121.219,2.66,2013-04-16,2013
1349,33.9775,-118.76883329999998,2.66,2013-05-03,2013
1350,40.1816667,-121.06483329999999,2.66,2013-05-24,2013
1351,40.146666700000004,-121.01683329999999,2.66,2013-06-01,2013
1352,32.5485,-115.663,2.66,2013-07-11,2013
1353,34.705999999999996,-120.37799999999999,2.66,2013-08-11,2013
1354,40.4171667,-124.294,2.66,2013-08-23,2013
1355,44.5593333,-110.82666670000002,2.66,2013-09-15,2013
1356,44.232,-110.76266670000001,2.66,2013-09-23,2013
1357,33.738,-120.0765,2.66,2013-10-06,2013
1358,37.8836667,-122.22416670000001,2.66,2013-10-15,2013
1359,36.6233333,-121.15866670000001,2.66,2013-10-17,2013
1360,40.7408333,-124.955,2.66,2013-10-19,2013
1361,31.8075,-116.041,2.66,2013-10-30,2013
1362,44.6973333,-117.46366670000002,2.66,2013-11-05,2013
1363,32.0263333,-116.17533329999999,2.66,2013-11-27,2013
1364,31.282333299999998,-115.87366670000002,2.66,2013-12-20,2013
1365,31.712,-115.9135,2.65,2013-01-13,2013
1366,32.0983333,-115.1565,2.65,2013-01-22,2013
1367,36.5915,-121.0515,2.65,2013-02-06,2013
1368,33.0071667,-116.48100000000001,2.65,2013-04-17,2013
1369,42.103,-120.24816670000001,2.65,2013-05-02,2013
1370,38.7318333,-119.666,2.65,2013-05-03,2013
1371,40.1798333,-121.046,2.65,2013-05-24,2013
1372,44.7546667,-110.9185,2.65,2013-07-01,2013
1373,33.5113333,-116.48066670000001,2.65,2013-07-07,2013
1374,33.514,-116.44966670000001,2.65,2013-08-08,2013
1375,34.0341667,-117.24483329999998,2.65,2013-08-21,2013
1376,32.1165,-115.15633329999999,2.65,2013-08-25,2013
1377,36.2086667,-117.89016670000001,2.65,2013-08-29,2013
1378,31.785,-114.979,2.65,2013-08-31,2013
1379,35.9891667,-117.28933329999998,2.65,2013-10-08,2013
1380,38.7804985,-122.7483368,2.65,2013-10-09,2013
1381,37.3246667,-119.91633329999999,2.65,2013-11-01,2013
1382,36.5656667,-121.16,2.65,2013-11-05,2013
1383,40.3011667,-124.40883329999998,2.65,2013-11-26,2013
1384,34.1826667,-117.344,2.65,2013-12-12,2013
1385,37.735833299999996,-113.27316670000002,2.65,2013-12-16,2013
1386,40.2155,-124.1135,2.64,2013-01-07,2013
1387,36.654166700000005,-121.2795,2.64,2013-01-18,2013
1388,37.866,-121.7905,2.64,2013-04-11,2013
1389,40.184,-121.04333329999999,2.64,2013-05-24,2013
1390,40.1983333,-121.09383329999999,2.64,2013-05-26,2013
1391,34.0726667,-117.48200000000001,2.64,2013-06-19,2013
1392,40.188166700000004,-121.05533329999999,2.64,2013-06-24,2013
1393,40.285,-124.4535,2.64,2013-07-06,2013
1394,31.4308333,-115.65266670000001,2.64,2013-08-05,2013
1395,36.777,-121.50766670000002,2.64,2013-08-09,2013
1396,37.5218333,-112.31733329999999,2.64,2013-08-15,2013
1397,33.2078333,-115.676,2.64,2013-10-14,2013
1398,35.833833299999995,-121.1935,2.64,2013-10-18,2013
1399,39.2071667,-111.88783329999998,2.64,2013-11-12,2013
1400,40.3508333,-124.62066670000002,2.64,2013-11-14,2013
1401,36.1178333,-117.69783329999999,2.64,2013-11-18,2013
1402,39.4458333,-120.28333329999998,2.64,2013-11-30,2013
1403,40.2945,-124.5055,2.64,2013-12-04,2013
1404,38.7601667,-122.71766670000001,2.64,2013-12-16,2013
1405,37.4996667,-118.8008333,2.64,2013-12-24,2013
1406,40.760999999999996,-124.52183329999998,2.63,2013-01-24,2013
1407,40.1671667,-121.12116670000002,2.63,2013-02-06,2013
1408,37.5388333,-118.822,2.63,2013-02-14,2013
1409,36.654166700000005,-121.27266670000002,2.63,2013-03-25,2013
1410,32.250666700000004,-115.33266670000002,2.63,2013-04-03,2013
1411,40.9836667,-123.52733329999998,2.63,2013-04-29,2013
1412,31.775166700000003,-116.94283329999999,2.63,2013-05-24,2013
1413,40.146333299999995,-121.08433329999998,2.63,2013-05-27,2013
1414,40.194166700000004,-121.0801667,2.63,2013-05-27,2013
1415,34.563166700000004,-116.49666670000002,2.63,2013-06-02,2013
1416,37.6313333,-118.87116670000002,2.63,2013-07-14,2013
1417,34.8345,-118.95133329999999,2.63,2013-07-22,2013
1418,46.3256667,-122.38566670000002,2.63,2013-08-31,2013
1419,36.141,-118.06299999999999,2.63,2013-12-05,2013
1420,37.745,-122.15116670000002,2.63,2013-12-21,2013
1421,37.417,-118.32133329999999,2.62,2013-01-08,2013
1422,37.3833333,-121.7293333,2.62,2013-01-14,2013
1423,33.086833299999995,-115.77716670000001,2.62,2013-01-21,2013
1424,37.1725,-122.3595,2.62,2013-01-26,2013
1425,38.826666700000004,-122.84983329999999,2.62,2013-01-28,2013
1426,38.5571667,-119.617,2.62,2013-02-10,2013
1427,38.7658333,-122.73966670000001,2.62,2013-02-10,2013
1428,42.621333299999996,-122.40333329999999,2.62,2013-03-24,2013
1429,36.0481667,-117.86133329999998,2.62,2013-04-05,2013
1430,31.500333299999998,-115.58666670000001,2.62,2013-04-12,2013
1431,34.7625,-118.92816670000002,2.62,2013-05-01,2013
1432,32.209,-115.2585,2.62,2013-05-14,2013
1433,34.413166700000005,-119.949,2.62,2013-05-29,2013
1434,37.1086667,-113.86483329999999,2.62,2013-06-14,2013
1435,35.5518333,-120.78366670000001,2.62,2013-07-28,2013
1436,34.574,-120.95466670000002,2.62,2013-08-23,2013
1437,40.3051667,-124.48766670000002,2.62,2013-10-08,2013
1438,36.646333299999995,-121.2705,2.62,2013-10-19,2013
1439,31.7621667,-115.87700000000001,2.62,2013-11-09,2013
1440,38.821999999999996,-122.80799999999999,2.62,2013-12-23,2013
1441,36.1458333,-118.0665,2.62,2013-12-25,2013
1442,37.423,-121.7676667,2.61,2013-01-06,2013
1443,37.5151667,-118.87383329999999,2.61,2013-01-07,2013
1444,40.2946667,-124.57316670000002,2.61,2013-01-09,2013
1445,36.4688333,-120.94683329999998,2.61,2013-01-25,2013
1446,37.3856667,-118.6765,2.61,2013-02-06,2013
1447,37.1595,-118.64716670000001,2.61,2013-02-26,2013
1448,38.5533333,-119.6185,2.61,2013-03-25,2013
1449,32.9048333,-115.5266667,2.61,2013-03-26,2013
1450,33.802,-116.09333329999998,2.61,2013-04-06,2013
1451,33.801,-116.09166670000002,2.61,2013-04-07,2013
1452,37.8045,-119.00733329999998,2.61,2013-04-14,2013
1453,39.3433333,-122.905,2.61,2013-04-16,2013
1454,38.8395,-122.8301667,2.61,2013-05-06,2013
1455,39.508166700000004,-121.98766670000002,2.61,2013-05-15,2013
1456,40.1946667,-121.09299999999999,2.61,2013-05-24,2013
1457,40.1516667,-121.06216670000002,2.61,2013-05-24,2013
1458,40.1828333,-121.05716670000001,2.61,2013-05-24,2013
1459,45.8143333,-122.47916670000001,2.61,2013-05-25,2013
1460,35.5638333,-118.5225,2.61,2013-06-11,2013
1461,44.4661667,-69.7421667,2.61,2013-06-21,2013
1462,37.6378333,-118.92266670000001,2.61,2013-06-23,2013
1463,38.1516667,-121.93166670000001,2.61,2013-06-26,2013
1464,40.1013333,-121.08200000000001,2.61,2013-07-12,2013
1465,33.5075,-116.47416670000001,2.61,2013-07-18,2013
1466,31.7155,-115.89916670000001,2.61,2013-08-19,2013
1467,35.485,-118.28466670000002,2.61,2013-08-25,2013
1468,40.3138333,-124.86383329999998,2.61,2013-09-09,2013
1469,43.2545,-71.74683329999999,2.61,2013-10-11,2013
1470,32.4123333,-115.55033329999999,2.61,2013-10-22,2013
1471,37.3605,-121.72266670000002,2.61,2013-11-09,2013
1472,36.0461667,-117.47983329999998,2.61,2013-12-06,2013
1473,39.6176667,-123.48216670000001,2.61,2013-12-09,2013
1474,36.1413333,-118.071,2.61,2013-12-23,2013
1475,34.175,-97.524,2.6,2013-01-01,2013
1476,36.223833299999995,-89.4358333,2.6,2013-01-07,2013
1477,32.0823333,-115.1755,2.6,2013-01-14,2013
1478,46.2846667,-122.208,2.6,2013-01-31,2013
1479,38.1227,-115.0367,2.6,2013-02-04,2013
1480,38.4346,-116.4406,2.6,2013-02-08,2013
1481,38.0298,-118.0641,2.6,2013-02-13,2013
1482,38.0285,-118.0638,2.6,2013-02-13,2013
1483,38.0188,-118.0576,2.6,2013-02-13,2013
1484,38.0231,-118.0727,2.6,2013-02-13,2013
1485,35.448,-97.259,2.6,2013-02-18,2013
1486,35.8328333,-90.1448333,2.6,2013-02-20,2013
1487,32.525999999999996,-96.91,2.6,2013-02-24,2013
1488,37.1555,-114.7981,2.6,2013-02-28,2013
1489,32.689,-115.82566670000001,2.6,2013-03-01,2013
1490,37.317,-105.00200000000001,2.6,2013-03-03,2013
1491,36.1188333,-89.7355,2.6,2013-03-03,2013
1492,39.4607,-117.1973,2.6,2013-03-13,2013
1493,38.0258,-118.0617,2.6,2013-03-13,2013
1494,32.491,-96.85,2.6,2013-03-17,2013
1495,39.625,-120.01283329999998,2.6,2013-03-22,2013
1496,37.3287,-114.98100000000001,2.6,2013-03-28,2013
1497,37.9832,-115.8764,2.6,2013-04-10,2013
1498,35.67,-97.109,2.6,2013-04-16,2013
1499,35.677,-97.105,2.6,2013-04-16,2013
1500,35.663000000000004,-97.126,2.6,2013-04-16,2013
1501,35.669000000000004,-97.11399999999999,2.6,2013-04-16,2013
1502,36.1731667,-117.851,2.6,2013-04-17,2013
1503,45.09,-124.915,2.6,2013-05-05,2013
1504,44.284,-116.24,2.6,2013-05-05,2013
1505,42.751000000000005,-111.988,2.6,2013-05-06,2013
1506,32.946,-100.795,2.6,2013-05-06,2013
1507,44.5721,-112.7291,2.6,2013-05-06,2013
1508,39.5996667,-121.56533329999999,2.6,2013-05-08,2013
1509,35.506,-97.11,2.6,2013-05-15,2013
1510,39.974000000000004,-123.13566670000002,2.6,2013-05-17,2013
1511,40.4475,-124.50166670000002,2.6,2013-05-18,2013
1512,35.89,-96.82,2.6,2013-05-21,2013
1513,44.5683,-112.73100000000001,2.6,2013-05-21,2013
1514,40.1938333,-121.10466670000001,2.6,2013-06-03,2013
1515,37.2825,-117.4427,2.6,2013-06-04,2013
1516,33.6611667,-118.397,2.6,2013-06-07,2013
1517,41.99,-88.509,2.6,2013-06-10,2013
1518,35.461,-96.995,2.6,2013-06-11,2013
1519,36.0548333,-89.8295,2.6,2013-06-14,2013
1520,35.796,-96.676,2.6,2013-06-19,2013
1521,38.0247,-118.0649,2.6,2013-06-24,2013
1522,40.3711667,-124.42633329999998,2.6,2013-06-24,2013
1523,49.438,-119.81,2.6,2013-06-28,2013
1524,33.6433333,-116.69166670000001,2.6,2013-06-28,2013
1525,36.673,-97.679,2.6,2013-06-30,2013
1526,35.513000000000005,-96.825,2.6,2013-07-02,2013
1527,36.427,-98.553,2.6,2013-07-02,2013
1528,44.434,-114.134,2.6,2013-07-07,2013
1529,38.708833299999995,-83.9468333,2.6,2013-07-23,2013
1530,38.1215,-118.3095,2.6,2013-07-23,2013
1531,45.7731,-104.3745,2.6,2013-07-29,2013
1532,36.9688,-97.8342,2.6,2013-08-04,2013
1533,37.1313,-104.4825,2.6,2013-08-10,2013
1534,36.708,-97.685,2.6,2013-08-13,2013
1535,38.8415,-80.9386667,2.6,2013-08-16,2013
1536,36.5321,-106.2797,2.6,2013-08-21,2013
1537,35.7,-97.198,2.6,2013-09-01,2013
1538,37.0006,-104.8815,2.6,2013-09-08,2013
1539,36.9372,-104.9105,2.6,2013-09-08,2013
1540,36.5746667,-121.03383329999998,2.6,2013-09-09,2013
1541,33.7921667,-117.63799999999999,2.6,2013-09-13,2013
1542,36.989000000000004,-104.8981,2.6,2013-09-16,2013
1543,45.7605,-111.8865,2.6,2013-09-18,2013
1544,34.0783333,-117.78816670000002,2.6,2013-09-20,2013
1545,36.9926,-104.8146,2.6,2013-09-20,2013
1546,33.984,-97.162,2.6,2013-09-22,2013
1547,36.1992,-112.1335,2.6,2013-09-23,2013
1548,35.4425,-96.5282,2.6,2013-09-23,2013
1549,38.4162,-105.6514,2.6,2013-09-24,2013
1550,35.9861667,-117.29066670000002,2.6,2013-10-07,2013
1551,35.3972,-96.4662,2.6,2013-10-08,2013
1552,38.0204,-118.119,2.6,2013-10-10,2013
1553,40.19,-121.0465,2.6,2013-10-11,2013
1554,48.605,-67.436,2.6,2013-10-15,2013
1555,45.262,-111.2878,2.6,2013-10-15,2013
1556,37.886166700000004,-122.23183329999999,2.6,2013-10-15,2013
1557,37.3893333,-118.67816670000002,2.6,2013-10-17,2013
1558,38.4227,-118.7432,2.6,2013-10-17,2013
1559,38.4149,-118.7438,2.6,2013-10-17,2013
1560,35.5973,-97.37799999999999,2.6,2013-10-30,2013
1561,40.4373,-107.0223,2.6,2013-10-31,2013
1562,35.5982,-97.3795,2.6,2013-11-02,2013
1563,32.9194,-97.5175,2.6,2013-11-06,2013
1564,32.8884,-97.6784,2.6,2013-11-06,2013
1565,35.593,-97.37200000000001,2.6,2013-11-08,2013
1566,35.598,-97.3737,2.6,2013-11-08,2013
1567,46.8177,-67.0358,2.6,2013-11-08,2013
1568,32.9574,-97.5029,2.6,2013-11-13,2013
1569,37.2706667,-89.2691667,2.6,2013-11-15,2013
1570,35.594,-97.37700000000001,2.6,2013-11-15,2013
1571,37.9745,-90.4873333,2.6,2013-11-25,2013
1572,46.513000000000005,-65.751,2.6,2013-11-28,2013
1573,36.5946,-97.8374,2.6,2013-11-29,2013
1574,36.597,-97.85,2.6,2013-11-29,2013
1575,35.559,-96.75399999999999,2.6,2013-12-08,2013
1576,37.2317,-104.5737,2.6,2013-12-10,2013
1577,35.602,-97.167,2.6,2013-12-11,2013
1578,33.7031,-96.6921,2.6,2013-12-13,2013
1579,36.7277,-98.2864,2.6,2013-12-14,2013
1580,44.8626,-116.0101,2.6,2013-12-20,2013
1581,47.2603,-113.3926,2.6,2013-12-24,2013
1582,35.5728,-97.3345,2.6,2013-12-29,2013
1583,42.55,-111.86,2.6,2013-12-30,2013
1584,36.57,-97.84200000000001,2.6,2013-12-31,2013
1585,40.352,-124.876,2.59,2013-01-15,2013
1586,32.1035,-115.18866670000001,2.59,2013-01-23,2013
1587,45.43,-71.4836667,2.59,2013-02-07,2013
1588,34.1698333,-116.80366670000001,2.59,2013-02-16,2013
1589,38.8215,-122.76100000000001,2.59,2013-04-07,2013
1590,33.1781667,-115.6225,2.59,2013-04-10,2013
1591,32.307333299999996,-115.31283329999998,2.59,2013-06-04,2013
1592,32.1561667,-115.1668333,2.59,2013-06-19,2013
1593,49.228,-119.47216670000002,2.59,2013-07-07,2013
1594,34.2661667,-116.78200000000001,2.59,2013-07-28,2013
1595,39.2273333,-120.484,2.59,2013-08-18,2013
1596,31.566,-115.461,2.59,2013-08-29,2013
1597,40.2943333,-124.50033329999998,2.59,2013-09-04,2013
1598,33.5305,-115.86116670000001,2.59,2013-09-27,2013
1599,40.416,-124.625,2.59,2013-11-09,2013
1600,38.8091667,-122.824,2.59,2013-11-11,2013
1601,49.1791667,-120.18033329999999,2.59,2013-11-19,2013
1602,37.74,-122.15566670000001,2.58,2013-02-17,2013
1603,33.503666700000004,-116.46283329999999,2.58,2013-03-11,2013
1604,40.336999999999996,-124.66716670000001,2.58,2013-03-15,2013
1605,42.618,-122.40066670000002,2.58,2013-03-24,2013
1606,36.0136667,-117.81333329999998,2.58,2013-03-28,2013
1607,41.2071667,-123.49783329999998,2.58,2013-04-07,2013
1608,31.8786667,-114.94266670000002,2.58,2013-04-13,2013
1609,36.7678333,-121.48083329999999,2.58,2013-04-28,2013
1610,36.9593333,-121.447,2.58,2013-05-03,2013
1611,40.1473333,-121.02216670000001,2.58,2013-05-27,2013
1612,32.2401667,-115.24783329999998,2.58,2013-06-24,2013
1613,47.715,-122.29616670000001,2.58,2013-07-12,2013
1614,38.7941667,-122.78333329999998,2.58,2013-08-15,2013
1615,33.2041667,-115.677,2.58,2013-10-14,2013
1616,40.3091667,-124.48016670000001,2.58,2013-12-16,2013
1617,36.473,-121.04716670000002,2.58,2013-12-20,2013
1618,36.588666700000005,-121.18583329999998,2.57,2013-01-02,2013
1619,34.0088333,-117.1315,2.57,2013-01-18,2013
1620,38.513000000000005,-122.62416670000002,2.57,2013-02-18,2013
1621,40.793,-124.75483329999999,2.57,2013-02-19,2013
1622,33.4945,-116.43516670000001,2.57,2013-03-27,2013
1623,34.474166700000005,-119.30433329999998,2.57,2013-05-07,2013
1624,32.3168333,-115.29883329999998,2.57,2013-05-21,2013
1625,40.1771667,-121.0485,2.57,2013-05-24,2013
1626,34.433,-119.92683329999998,2.57,2013-05-29,2013
1627,40.1811667,-121.09383329999999,2.57,2013-06-01,2013
1628,32.968166700000005,-115.55433329999998,2.57,2013-06-07,2013
1629,32.294000000000004,-115.31983329999998,2.57,2013-06-25,2013
1630,37.575166700000004,-118.9235,2.57,2013-07-01,2013
1631,36.650833299999995,-121.27083329999999,2.57,2013-07-30,2013
1632,32.192,-115.23166670000002,2.57,2013-08-01,2013
1633,34.3128333,-118.40866670000001,2.57,2013-08-21,2013
1634,44.5633333,-110.80716670000001,2.57,2013-09-13,2013
1635,33.5018333,-116.4525,2.57,2013-09-14,2013
1636,44.619,-110.79883329999998,2.57,2013-09-15,2013
1637,39.3813333,-123.29966670000002,2.57,2013-09-20,2013
1638,40.5255,-124.46683329999999,2.57,2013-09-24,2013
1639,40.2915,-124.53666670000001,2.57,2013-10-08,2013
1640,38.835666700000004,-122.78150179999999,2.57,2013-10-08,2013
1641,33.7958333,-117.6445,2.57,2013-10-09,2013
1642,40.4051667,-122.1728333,2.57,2013-12-11,2013
1643,40.3468333,-124.3155,2.56,2013-02-15,2013
1644,39.625666700000004,-120.01233329999998,2.56,2013-03-17,2013
1645,36.176,-117.8513333,2.56,2013-04-25,2013
1646,40.1966667,-121.04366670000002,2.56,2013-05-24,2013
1647,40.1731667,-121.05533329999999,2.56,2013-05-24,2013
1648,34.4181667,-119.93733329999999,2.56,2013-06-05,2013
1649,32.241833299999996,-115.31066670000001,2.56,2013-06-09,2013
1650,48.2661667,-122.88166670000001,2.56,2013-06-16,2013
1651,31.9663333,-116.15,2.56,2013-06-28,2013
1652,40.361999999999995,-124.95883329999998,2.56,2013-07-11,2013
1653,32.2045,-115.18166670000001,2.56,2013-07-15,2013
1654,34.3678333,-120.88233329999998,2.56,2013-08-03,2013
1655,34.720833299999995,-118.5585,2.56,2013-08-20,2013
1656,36.3241667,-120.835,2.56,2013-09-23,2013
1657,36.7385,-121.36166670000001,2.56,2013-10-05,2013
1658,37.5275,-118.8535,2.56,2013-10-11,2013
1659,32.4078333,-115.5478333,2.56,2013-10-22,2013
1660,33.2666667,-115.9975,2.56,2013-11-03,2013
1661,39.0043333,-111.4805,2.56,2013-11-07,2013
1662,36.5188333,-121.10316670000002,2.56,2013-11-30,2013
1663,35.8228333,-119.876,2.56,2013-12-20,2013
1664,37.2501667,-119.8485,2.56,2013-12-23,2013
1665,40.7041667,-124.52483329999998,2.55,2013-01-23,2013
1666,38.5523333,-119.62166670000002,2.55,2013-01-24,2013
1667,40.303000000000004,-123.0485,2.55,2013-04-06,2013
1668,36.6815,-117.74633329999999,2.55,2013-05-14,2013
1669,32.203166700000004,-115.26966670000002,2.55,2013-05-19,2013
1670,38.5073333,-122.63233329999998,2.55,2013-06-15,2013
1671,32.2976667,-115.3495,2.55,2013-06-26,2013
1672,38.8121667,-122.78833329999999,2.55,2013-08-30,2013
1673,34.0771667,-117.78666670000001,2.55,2013-09-11,2013
1674,32.192666700000004,-115.22216670000002,2.55,2013-10-07,2013
1675,34.9416667,-116.677,2.55,2013-12-11,2013
1676,46.7541667,-116.1525,2.55,2013-12-27,2013
1677,31.225166700000003,-115.91616670000002,2.54,2013-01-10,2013
1678,42.613833299999996,-122.4015,2.54,2013-03-24,2013
1679,36.1785,-117.84966670000001,2.54,2013-04-16,2013
1680,36.039666700000005,-120.93266670000001,2.54,2013-04-22,2013
1681,40.2811667,-124.3515,2.54,2013-04-30,2013
1682,39.5621667,-123.39299999999999,2.54,2013-05-03,2013
1683,32.276166700000005,-115.3445,2.54,2013-05-04,2013
1684,40.1921667,-121.0515,2.54,2013-05-24,2013
1685,40.1873333,-121.09383329999999,2.54,2013-05-24,2013
1686,32.9483333,-115.52516670000001,2.54,2013-06-23,2013
1687,40.3706667,-124.57666670000002,2.54,2013-08-11,2013
1688,40.3045,-124.47433329999998,2.54,2013-08-14,2013
1689,35.931,-117.6335,2.54,2013-08-27,2013
1690,38.8323333,-122.87683329999999,2.54,2013-08-31,2013
1691,33.055,-115.56866670000001,2.54,2013-09-05,2013
1692,40.2933333,-124.50733329999998,2.54,2013-11-01,2013
1693,36.8421667,-121.57183329999998,2.54,2013-11-11,2013
1694,47.4655,-122.376,2.54,2013-11-17,2013
1695,44.8155,-111.01700000000001,2.54,2013-11-23,2013
1696,38.8348333,-122.7995,2.54,2013-11-26,2013
1697,36.1433333,-118.06,2.54,2013-12-23,2013
1698,36.1355,-118.06299999999999,2.54,2013-12-26,2013
1699,37.654166700000005,-119.42616670000001,2.53,2013-01-22,2013
1700,34.84,-118.978,2.53,2013-01-24,2013
1701,36.0025,-120.56233329999999,2.53,2013-02-05,2013
1702,38.8141667,-122.786,2.53,2013-03-07,2013
1703,41.0471667,-123.33266670000002,2.53,2013-05-13,2013
1704,40.201,-121.10516670000001,2.53,2013-05-27,2013
1705,37.178000000000004,-113.411,2.53,2013-05-31,2013
1706,32.2336667,-115.31716670000002,2.53,2013-06-07,2013
1707,39.8405,-122.03733329999999,2.53,2013-06-15,2013
1708,32.9451667,-117.75383329999998,2.53,2013-06-29,2013
1709,40.3863333,-124.72516670000002,2.53,2013-06-30,2013
1710,40.5061667,-124.73700000000001,2.53,2013-07-31,2013
1711,32.333833299999995,-117.855,2.53,2013-08-04,2013
1712,31.871666700000002,-115.7545,2.53,2013-08-12,2013
1713,34.2913333,-116.76416670000002,2.53,2013-08-12,2013
1714,41.094666700000005,-124.92433329999999,2.53,2013-10-13,2013
1715,33.205,-115.67200000000001,2.53,2013-10-14,2013
1716,36.5641667,-121.15666670000002,2.53,2013-11-05,2013
1717,38.776166700000005,-122.729,2.53,2013-11-22,2013
1718,39.424833299999996,-124.39783329999999,2.53,2013-11-30,2013
1719,40.164666700000005,-121.07883329999999,2.53,2013-12-14,2013
1720,40.3036667,-124.579,2.52,2013-01-25,2013
1721,38.8203333,-122.804,2.52,2013-02-28,2013
1722,40.3075,-121.1685,2.52,2013-03-06,2013
1723,36.655333299999995,-121.27516670000001,2.52,2013-03-25,2013
1724,40.781,-123.79116670000002,2.52,2013-04-27,2013
1725,38.3558333,-122.17966670000001,2.52,2013-05-09,2013
1726,40.4238333,-124.44166670000001,2.52,2013-05-10,2013
1727,33.5308333,-116.44716670000001,2.52,2013-05-10,2013
1728,40.162,-121.08,2.52,2013-05-24,2013
1729,40.191166700000004,-121.03933329999998,2.52,2013-05-26,2013
1730,40.1965,-121.03983329999998,2.52,2013-05-26,2013
1731,32.2341667,-115.34066670000001,2.52,2013-06-14,2013
1732,32.2563333,-115.27183329999998,2.52,2013-06-24,2013
1733,36.1121667,-120.0715,2.52,2013-06-26,2013
1734,32.244,-115.31283329999998,2.52,2013-07-05,2013
1735,32.2281667,-115.23700000000001,2.52,2013-07-21,2013
1736,38.8211667,-122.81299999999999,2.52,2013-08-29,2013
1737,33.6993333,-119.0435,2.52,2013-10-05,2013
1738,33.7785,-115.97616670000001,2.52,2013-10-07,2013
1739,37.3873333,-121.73616670000001,2.52,2013-10-29,2013
1740,36.420333299999996,-120.75383329999998,2.52,2013-11-28,2013
1741,37.6255,-118.98766670000002,2.52,2013-12-27,2013
1742,33.1791667,-116.25816670000002,2.51,2013-01-03,2013
1743,34.6096667,-119.02516670000001,2.51,2013-01-22,2013
1744,40.3405,-124.35616670000002,2.51,2013-02-14,2013
1745,35.723833299999995,-121.11766670000002,2.51,2013-03-29,2013
1746,40.2965,-124.38766670000001,2.51,2013-05-02,2013
1747,40.2183333,-121.09766670000002,2.51,2013-05-26,2013
1748,37.174833299999996,-113.40816670000001,2.51,2013-05-31,2013
1749,36.0516667,-120.07916670000002,2.51,2013-06-17,2013
1750,37.637,-118.92233329999999,2.51,2013-06-23,2013
1751,33.2446667,-116.00783329999999,2.51,2013-06-30,2013
1752,44.7628333,-111.071,2.51,2013-06-30,2013
1753,36.8556667,-121.3195,2.51,2013-07-03,2013
1754,31.8886667,-115.0448333,2.51,2013-07-27,2013
1755,37.3651667,-121.72266670000002,2.51,2013-09-01,2013
1756,37.5155,-121.885,2.51,2013-09-06,2013
1757,35.659833299999995,-118.47066670000001,2.51,2013-09-21,2013
1758,33.3101667,-116.39466670000002,2.51,2013-10-19,2013
1759,38.8318333,-122.80866670000002,2.51,2013-10-31,2013
1760,34.0206667,-116.58483329999999,2.51,2013-11-03,2013
1761,40.2156667,-121.10316670000002,2.51,2013-11-14,2013
1762,37.2189,-114.7122,2.5,2013-01-14,2013
1763,38.7462,-119.5979,2.5,2013-01-16,2013
1764,33.0118333,-116.35816670000001,2.5,2013-01-21,2013
1765,44.413000000000004,-114.82700000000001,2.5,2013-01-23,2013
1766,37.1184,-117.1147,2.5,2013-01-29,2013
1767,34.9631667,-84.9325,2.5,2013-02-02,2013
1768,37.4579,-114.7947,2.5,2013-02-08,2013
1769,35.509,-97.23899999999999,2.5,2013-02-11,2013
1770,35.461999999999996,-96.539,2.5,2013-02-12,2013
1771,38.031,-118.0531,2.5,2013-02-13,2013
1772,38.0401,-118.0255,2.5,2013-02-13,2013
1773,38.0364,-118.0226,2.5,2013-02-13,2013
1774,38.0413,-118.0381,2.5,2013-02-13,2013
1775,38.028,-118.036,2.5,2013-02-16,2013
1776,40.2291,-115.286,2.5,2013-02-16,2013
1777,39.2891,-114.9035,2.5,2013-02-16,2013
1778,42.018,-82.22399999999999,2.5,2013-02-17,2013
1779,35.6258333,-90.5526667,2.5,2013-02-24,2013
1780,32.461999999999996,-96.912,2.5,2013-02-24,2013
1781,48.38,-111.3,2.5,2013-02-25,2013
1782,35.476,-97.234,2.5,2013-02-27,2013
1783,35.513000000000005,-96.80799999999999,2.5,2013-03-11,2013
1784,38.7736667,-122.71266670000001,2.5,2013-03-15,2013
1785,32.48,-96.887,2.5,2013-03-17,2013
1786,35.7191667,-117.5176667,2.5,2013-03-22,2013
1787,38.6681667,-82.2146667,2.5,2013-03-27,2013
1788,38.7558333,-122.7195,2.5,2013-03-28,2013
1789,48.408,-114.2516,2.5,2013-03-28,2013
1790,37.9224,-116.8203,2.5,2013-04-01,2013
1791,32.1365,-115.20766670000002,2.5,2013-04-05,2013
1792,35.529,-97.12,2.5,2013-04-05,2013
1793,33.8595,-82.4555,2.5,2013-04-07,2013
1794,37.3905,-114.93700000000001,2.5,2013-04-08,2013
1795,46.538999999999994,-112.4706,2.5,2013-04-08,2013
1796,35.694,-97.459,2.5,2013-04-12,2013
1797,35.684,-97.09,2.5,2013-04-16,2013
1798,37.3217,-114.9301,2.5,2013-04-16,2013
1799,35.696999999999996,-97.06700000000001,2.5,2013-04-16,2013
1800,35.685,-97.08200000000001,2.5,2013-04-16,2013
1801,35.69,-97.09200000000001,2.5,2013-04-16,2013
1802,35.5593333,-85.0778333,2.5,2013-04-18,2013
1803,32.2541667,-115.2745,2.5,2013-04-18,2013
1804,35.657,-97.13799999999999,2.5,2013-04-20,2013
1805,35.7443333,-121.5538333,2.5,2013-04-25,2013
1806,39.9951,-114.8643,2.5,2013-04-26,2013
1807,45.0303,-111.8508,2.5,2013-04-29,2013
1808,40.295333299999996,-124.36716670000001,2.5,2013-05-01,2013
1809,43.504,-106.09899999999999,2.5,2013-05-04,2013
1810,39.6826667,-123.55433329999998,2.5,2013-05-06,2013
1811,44.5896667,-110.971,2.5,2013-05-07,2013
1812,32.945,-100.825,2.5,2013-05-08,2013
1813,35.541,-97.25,2.5,2013-05-09,2013
1814,35.759,-83.9155,2.5,2013-05-10,2013
1815,36.931,-104.714,2.5,2013-05-19,2013
1816,36.652,-97.662,2.5,2013-05-22,2013
1817,35.2846667,-92.6823333,2.5,2013-05-22,2013
1818,35.2796667,-92.691,2.5,2013-05-23,2013
1819,40.1978333,-121.07700000000001,2.5,2013-05-24,2013
1820,41.8505,-112.32766670000001,2.5,2013-05-29,2013
1821,38.439,-122.2565,2.5,2013-06-03,2013
1822,37.013000000000005,-104.98299999999999,2.5,2013-06-03,2013
1823,36.216666700000005,-117.91233329999999,2.5,2013-06-04,2013
1824,37.2711,-117.4484,2.5,2013-06-05,2013
1825,37.3011,-114.3453,2.5,2013-06-06,2013
1826,35.2868333,-83.31,2.5,2013-06-06,2013
1827,35.2895,-83.3133333,2.5,2013-06-06,2013
1828,37.3488,-114.3324,2.5,2013-06-08,2013
1829,35.465,-97.005,2.5,2013-06-11,2013
1830,35.414666700000005,-92.4055,2.5,2013-06-12,2013
1831,35.4945,-92.3891667,2.5,2013-06-14,2013
1832,45.744,-76.352,2.5,2013-06-15,2013
1833,35.467,-97.11200000000001,2.5,2013-06-17,2013
1834,40.1946667,-121.10033329999999,2.5,2013-06-20,2013
1835,40.4848333,-123.9925,2.5,2013-06-26,2013
1836,46.0308,-111.4181,2.5,2013-06-26,2013
1837,36.663000000000004,-97.684,2.5,2013-06-30,2013
1838,35.4006667,-84.4068333,2.5,2013-06-30,2013
1839,40.0849,-116.7815,2.5,2013-07-02,2013
1840,35.653,-97.124,2.5,2013-07-09,2013
1841,36.66,-97.685,2.5,2013-07-14,2013
1842,40.182333299999996,-121.06866670000001,2.5,2013-07-16,2013
1843,46.8835,-112.5403,2.5,2013-07-18,2013
1844,40.4091667,-124.65116670000002,2.5,2013-07-19,2013
1845,38.3693,-118.3387,2.5,2013-07-20,2013
1846,35.115,-97.89299999999999,2.5,2013-07-28,2013
1847,44.5565,-114.0668,2.5,2013-08-03,2013
1848,34.9586667,-84.9796667,2.5,2013-08-13,2013
1849,33.0403333,-115.56183329999999,2.5,2013-08-20,2013
1850,35.2835,-90.2308333,2.5,2013-09-02,2013
1851,36.5053333,-91.65483329999999,2.5,2013-09-02,2013
1852,37.0534,-104.7704,2.5,2013-09-08,2013
1853,35.4103333,-92.4025,2.5,2013-09-09,2013
1854,46.4243,-113.3431,2.5,2013-09-10,2013
1855,40.7916667,-124.34066670000001,2.5,2013-09-14,2013
1856,35.4081667,-92.4,2.5,2013-09-15,2013
1857,36.9676,-116.1346,2.5,2013-09-16,2013
1858,32.9983333,-80.265,2.5,2013-09-19,2013
1859,35.4025,-92.4083333,2.5,2013-09-25,2013
1860,35.5934,-97.3814,2.5,2013-10-01,2013
1861,47.6555,-69.8918,2.5,2013-10-04,2013
1862,33.6236667,-116.74883329999999,2.5,2013-10-05,2013
1863,34.6981667,-116.29566670000001,2.5,2013-10-06,2013
1864,36.571999999999996,-97.816,2.5,2013-10-09,2013
1865,36.5821,-97.8222,2.5,2013-10-12,2013
1866,35.3924,-96.4576,2.5,2013-10-13,2013
1867,35.598,-97.376,2.5,2013-10-18,2013
1868,43.2,-110.92,2.5,2013-10-23,2013
1869,36.194,-96.7252,2.5,2013-10-27,2013
1870,35.608000000000004,-97.381,2.5,2013-11-03,2013
1871,35.603,-97.385,2.5,2013-11-04,2013
1872,35.605,-97.3793,2.5,2013-11-05,2013
1873,39.7823333,-120.676,2.5,2013-11-09,2013
1874,34.27,-94.912,2.5,2013-11-10,2013
1875,35.539,-97.275,2.5,2013-11-10,2013
1876,35.596,-97.38,2.5,2013-11-16,2013
1877,35.589,-97.3824,2.5,2013-11-17,2013
1878,32.9437,-97.5992,2.5,2013-11-19,2013
1879,38.7783318,-122.72949979999999,2.5,2013-11-22,2013
1880,44.817,-111.01433329999999,2.5,2013-11-23,2013
1881,34.43,-97.609,2.5,2013-11-26,2013
1882,36.5065,-89.5588333,2.5,2013-11-27,2013
1883,36.2172,-97.0179,2.5,2013-11-29,2013
1884,47.0348,-66.5743,2.5,2013-11-29,2013
1885,38.7793333,-122.72416670000001,2.5,2013-12-04,2013
1886,38.400999999999996,-115.4931,2.5,2013-12-07,2013
1887,35.6145,-97.4029,2.5,2013-12-07,2013
1888,35.607,-97.375,2.5,2013-12-09,2013
1889,44.8443,-116.0128,2.5,2013-12-10,2013
1890,35.601,-97.3773,2.5,2013-12-14,2013
1891,36.222,-97.01299999999999,2.5,2013-12-17,2013
1892,35.8276667,-119.848,2.5,2013-12-20,2013
1893,35.777,-120.32816670000001,2.5,2013-12-24,2013
1894,35.504,-97.32700000000001,2.5,2013-12-26,2013
1895,35.595,-97.376,2.5,2013-12-26,2013
